player_id,player_name,year,team_id,run_value,run_value_fielding,run_value_range,run_value_arm,run_value_catching,run_value_framing,run_value_stealing,run_value_blocks,outs,outs_2,outs_3,outs_4,outs_5,outs_6,outs_7,outs_8,outs_9
642350,"Siri, Jose",2024,139.0,0.014565499139409336,0.014565499139409336,0.01407575420768498,0.0004897449317243569,0.0,,,,3,0,3,0,0,0,0,0,0
672640,"Lopez, Otto",2024,146.0,10.901079681376405,10.901079681376405,10.731689909164327,0.1693897692436798,0.0,,,,2818,0,0,2551,111,156,0,0,0
641658,"Hampson, Garrett",2024,118.0,1.7792400166998235,1.7792400166998235,1.705589518059447,0.07365049840317835,0.0,,,,403,0,48,295,27,33,0,0,0
643289,"Dubón, Mauricio",2024,117.0,2.419062722153742,2.419062722153742,2.918031211662716,-0.49896848916525566,0.0,,,,1015,0,279,414,226,96,0,0,0
686217,"Frelick, Sal",2024,158.0,0.023535163724381625,0.023535163724381625,0.020678510505300354,0.002856653219081272,0.0,,,,12,0,0,0,12,0,0,0,0
668942,"Rojas, Josh",2024,136.0,6.327094197970747,6.327094197970747,6.664512988416535,-0.33741879044578693,0.0,,,,3058,0,3,198,2857,0,0,0,0
665862,"Chisholm Jr., Jazz",2024,147.0,2.15561865021577,2.15561865021577,1.8605688595173149,0.295049790698455,0.0,,,,1266,0,0,66,1200,0,0,0,0
676391,"Clement, Ernie",2024,141.0,5.226370999232387,5.226370999232387,5.416231221355926,-0.18986022212353923,0.0,,,,2989,0,0,63,1983,943,0,0,0
621028,"Newman, Kevin",2024,109.0,4.669680894114007,4.669680894114007,4.669680894114007,,0.0,,,,2254,0,66,854,50,1284,0,0,0
689172,"Wisely, Brett",2024,137.0,3.9926698447042557,3.9926698447042557,3.9578298501787232,0.034839993528723405,0.0,,,,1874,0,6,1006,63,799,0,0,0
628451,"Ibáñez, Andy",2024,116.0,3.8086715867112413,3.8086715867112413,4.019124587262307,-0.21045300055106536,0.0,,,,1301,0,286,700,291,24,0,0,0
643396,"Kiner-Falefa, Isiah",2024,134.0,2.9738742052968896,2.9738742052968896,2.7304574087841655,0.24341679751178133,0.0,,,,3180,0,0,1128,1062,990,0,0,0
695257,"Cook, Billy",2024,134.0,0.8450602489583333,0.8450602489583333,0.42111578045833337,0.4239444687916667,0.0,,,,105,0,105,0,0,0,0,0,0
677649,"Duran, Ezequiel",2024,140.0,2.0877500102640147,2.0877500102640147,1.3063475745461122,0.7814024357179024,0.0,,,,1212,0,297,69,687,159,0,0,0
656716,"McKinstry, Zach",2024,116.0,2.164903405014706,2.164903405014706,2.0764246415404415,0.08847876347426471,0.0,,,,1804,0,0,312,542,950,0,0,0
650489,"Castro, Willi",2024,142.0,1.7192622660135033,1.7192622660135033,0.30292951806376595,1.4163327479497374,0.0,,,,2679,0,0,859,423,1397,0,0,0
608336,"Gallo, Joey",2024,120.0,2.1427350059320913,2.1427350059320913,2.2635896134633415,-0.12085460839242788,0.0,,,,1433,0,1433,0,0,0,0,0,0
676632,"Madris, Bligh",2024,116.0,2.2389978591498054,2.2389978591498054,2.399770583898833,-0.16077272474902723,0.0,,,,497,0,497,0,0,0,0,0,0
694388,"Loperfido, Joey",2024,141.0,0.011474396186328556,0.011474396186328556,0.0017496813919514885,0.009724714794377068,0.0,,,,9,0,9,0,0,0,0,0,0
680977,"Donovan, Brendan",2024,138.0,0.829316217506192,0.829316217506192,1.6108127725820436,-0.7814965550758514,0.0,,,,1422,0,0,1264,158,0,0,0,0
669707,"Triolo, Jared",2024,134.0,2.250775011199868,2.250775011199868,2.282986106537599,-0.03221109533773087,0.0,,,,3026,0,123,1124,1581,198,0,0,0
669242,"Edman, Tommy",2024,119.0,0.7278930657917982,0.7278930657917982,0.4630283324195583,0.26486473337223976,0.0,,,,387,0,0,6,0,381,0,0,0
679845,"Loftin, Nick",2024,118.0,1.7241559685857004,1.7241559685857004,1.665910209841332,0.05824575874436827,0.0,,,,994,0,67,573,354,0,0,0,0
665828,"Cabrera, Oswaldo",2024,147.0,1.5446335230903054,1.5446335230903054,1.3744787351992034,0.17015478789110228,0.0,,,,2211,0,172,232,1699,108,0,0,0
666971,"Gurriel Jr., Lourdes",2024,109.0,0.001204784525471698,0.001204784525471698,0.0026946509433962264,-0.0014898664179245284,0.0,,,,3,0,3,0,0,0,0,0,0
672580,"Garcia, Maikel",2024,118.0,1.2227679529973752,1.2227679529973752,1.1972179961850393,0.02554995781102362,0.0,,,,3805,0,0,734,3004,67,0,0,0
678882,"Rafaela, Ceddanne",2024,111.0,0.59762956555575,0.59762956555575,-0.402268954833,0.9998985203887499,0.0,,,,2097,0,0,135,21,1941,0,0,0
621545,"Remillard, Zach",2024,145.0,0.8874840044536082,0.8874840044536082,0.8849578374432989,0.0025261670103092783,0.0,,,,264,0,0,150,60,54,0,0,0
641355,"Bellinger, Cody",2024,112.0,0.12267635031654675,0.12267635031654675,0.0348143348884892,0.08786201542805755,0.0,,,,398,0,398,0,0,0,0,0,0
643265,"Cooper, Garrett",2024,111.0,0.803126257625,0.803126257625,0.9168551701153846,-0.11372891249038462,0.0,,,,303,0,303,0,0,0,0,0,0
571771,"Hernández, Enrique",2024,119.0,0.6081457814904943,0.6081457814904943,0.8731354773494296,-0.26498969585893534,0.0,,,,2207,0,288,153,1587,179,0,0,0
641432,"Calhoun, Willie",2024,108.0,0.6649039518484848,0.6649039518484848,0.7199087539393939,-0.0550048020909091,0.0,,,,93,0,93,0,0,0,0,0,0
663330,"Jones, Jahmai",2024,147.0,0.22532832173913042,0.22532832173913042,0.19370923602898552,0.03161908571014493,0.0,,,,78,0,0,62,16,0,0,0,0
642201,"White, Eli",2024,144.0,0.015292307477064223,0.015292307477064223,0.020286974284403674,-0.00499466680733945,0.0,,,,9,0,0,9,0,0,0,0,0
676116,"Noda, Ryan",2024,133.0,0.5242137464533333,0.5242137464533333,0.5149130002133334,0.009300746240000001,0.0,,,,666,0,666,0,0,0,0,0,0
676914,"Schneider, Davis",2024,141.0,0.14521003871825122,0.14521003871825122,-0.17744040200069397,0.3226504407189452,0.0,,,,978,0,0,978,0,0,0,0,0
666915,"Dalbec, Bobby",2024,111.0,0.370442462834375,0.370442462834375,0.3685953689578125,0.0018470938765625,0.0,,,,589,0,367,0,222,0,0,0,0
680700,"Palacios, Richie",2024,139.0,0.12281411265805786,0.12281411265805786,0.8742659758202479,-0.7514518631621901,0.0,,,,822,0,0,786,30,6,0,0,0
643393,"Kemp, Tony",2024,110.0,0.2669799209508197,0.2669799209508197,0.2669799209508197,,0.0,,,,57,0,0,57,0,0,0,0,0
545121,"Vargas, Ildemaro",2024,120.0,0.18756369122047242,0.18756369122047242,0.6185974175344489,-0.4310337263139764,0.0,,,,1795,0,3,737,896,159,0,0,0
642197,"Westbrook, Jamie",2024,111.0,0.15250358071153847,0.15250358071153847,-0.009359025673076924,0.1618626063846154,0.0,,,,309,0,0,306,3,0,0,0,0
605119,"Anderson, Brian",2024,144.0,0.006905826357142856,0.006905826357142856,0.0007007142857142856,0.006205112071428571,0.0,,,,3,0,0,0,3,0,0,0,0
647351,"Toro, Abraham",2024,133.0,0.09267961435973955,0.09267961435973955,0.05890664009875203,0.03377297426098752,0.0,,,,1819,0,90,438,1291,0,0,0,0
680737,"Helman, Michael",2024,142.0,0.0032587989999999997,0.0032587989999999997,0.0003991304347826087,0.0028596685652173917,0.0,,,,3,0,0,0,3,0,0,0,0
664238,"Moore, Dylan",2024,136.0,0.06005454125806452,0.06005454125806452,0.4164438201703629,-0.35638927891229844,0.0,,,,2561,0,121,680,685,1075,0,0,0
656582,"Joe, Connor",2024,134.0,0.02638741685755102,0.02638741685755102,-0.586857652170204,0.6132450695840816,0.0,,,,1363,0,1363,0,0,0,0,0,0
682177,"Schneemann, Daniel",2024,114.0,0.013393833031683167,0.013393833031683167,-0.16155968233861384,0.17495351537029702,0.0,,,,903,0,0,87,312,504,0,0,0
686555,"Collins, Isaac",2024,158.0,0.002433866142857143,0.002433866142857143,-0.03882535442857143,0.04125922057142857,0.0,,,,15,0,0,15,0,0,0,0,0
663897,"Williams, Luke",2024,144.0,-0.001065367811023622,-0.001065367811023622,0.030478750173228344,-0.031544118803149605,0.0,,,,312,0,0,174,117,21,0,0,0
643446,"McNeil, Jeff",2024,121.0,-0.19421908266582358,-0.19421908266582358,0.38338144885931075,-0.5776005315251342,0.0,,,,2614,0,0,2614,0,0,0,0,0
682119,"Jordan, Levi",2024,113.0,-0.04908934785185185,-0.04908934785185185,-0.0023466666666666666,-0.04674268118518518,0.0,,,,12,0,0,12,0,0,0,0,0
613564,"Vosler, Jason",2024,136.0,-0.3057413305,-0.3057413305,-0.15324223419444447,-0.15249909711111112,0.0,,,,87,0,87,0,0,0,0,0,0
663837,"Vierling, Matt",2024,116.0,-0.13052702382767936,-0.13052702382767936,0.25131040970039026,-0.3818374335280696,0.0,,,,1114,0,6,0,1108,0,0,0,0
622761,"Mateo, Jorge",2024,110.0,-0.3855264186684245,-0.3855264186684245,-0.42855512769281473,0.043028709024390245,0.0,,,,1466,0,0,1373,0,93,0,0,0
668723,"Vilade, Ryan",2024,116.0,-0.007249547181008903,-0.007249547181008903,0.0053375074183976265,-0.012587054599406528,0.0,,,,6,0,6,0,0,0,0,0,0
592192,"Canha, Mark",2024,137.0,-0.2727586758290727,-0.2727586758290727,0.5032266709203008,-0.7759853467493735,0.0,,,,1129,0,1126,0,3,0,0,0,0
670156,"Mastrobuoni, Miles",2024,112.0,-0.4958648231661849,-0.4958648231661849,-0.35814136789595374,-0.1377234552702312,0.0,,,,653,0,0,171,296,186,0,0,0
680474,"Schuemann, Max",2024,133.0,-0.5486692076429238,-0.5486692076429238,-1.0656035873449454,0.5169343806656299,0.0,,,,3098,0,0,150,583,2365,0,0,0
680716,"Ornelas, Jonathan",2024,140.0,-0.60120735449375,-0.60120735449375,-0.6005050073125,-0.00070234718125,0.0,,,,317,0,0,45,182,90,0,0,0
671117,"Baker, Darren",2024,120.0,-0.5758275940476191,-0.5758275940476191,-0.5758275940476191,,0.0,,,,57,0,0,57,0,0,0,0,0
671289,"Freeman, Tyler",2024,114.0,-0.06743230357894736,-0.06743230357894736,-0.3972596876842105,0.3298273842105263,0.0,,,,258,0,0,78,57,123,0,0,0
691594,"Sanoja, Javier",2024,146.0,-0.40161839442677827,-0.40161839442677827,-0.38668607558158996,-0.014932318845188286,0.0,,,,132,0,0,69,0,63,0,0,0
665019,"Clemens, Kody",2024,143.0,-0.7190086542773109,-0.7190086542773109,-0.8490389832941175,0.13003032901680672,0.0,,,,654,0,294,118,242,0,0,0,0
641343,"Bauers, Jake",2024,158.0,-0.7151944287837694,-0.7151944287837694,-0.5950866507725574,-0.12010777801121197,0.0,,,,1659,0,1659,0,0,0,0,0,0
542932,"Berti, Jon",2024,147.0,-0.8054222139520958,-0.8054222139520958,-0.7472193347065869,-0.05820287924550898,0.0,,,,498,0,0,36,462,0,0,0,0
666464,"Encarnacion, Jerar",2024,137.0,-0.08717326630894309,-0.08717326630894309,-0.0711257528292683,-0.016047513479674796,0.0,,,,39,0,39,0,0,0,0,0,0
665833,"Cruz, Oneil",2024,134.0,-0.7017696708453757,-0.7017696708453757,-0.5258549843208092,-0.17591468652456646,0.0,,,,2875,0,0,0,0,2875,0,0,0
669701,"Smith, Josh",2024,140.0,-0.9130522726022099,-0.9130522726022099,-0.8684755298729282,-0.04457674176979742,0.0,,,,3126,0,0,6,1964,1156,0,0,0
656811,"O'Hearn, Ryan",2024,110.0,-0.7277748544644351,-0.7277748544644351,-0.9443496289061566,0.21657477444172146,0.0,,,,1199,0,1199,0,0,0,0,0,0
668952,"Kreidler, Ryan",2024,116.0,-1.0744048977256317,-1.0744048977256317,-1.0744048977256317,,0.0,,,,548,0,0,0,80,468,0,0,0
621550,"Wisdom, Patrick",2024,112.0,-0.9642341639093199,-0.9642341639093199,-0.91967969297733,-0.04455447093198992,0.0,,,,704,0,414,12,278,0,0,0,0
666149,"Fitzgerald, Tyler",2024,137.0,-0.9738467532352941,-0.9738467532352941,-1.0337251447058822,0.05987839147058823,0.0,,,,1920,0,24,114,0,1782,0,0,0
694377,"Yorke, Nick",2024,134.0,-0.839255199521739,-0.839255199521739,-0.8587025453913043,0.019447345869565216,0.0,,,,204,0,0,180,24,0,0,0,0
682073,"Hensley, David",2024,146.0,-0.3058922621333333,-0.3058922621333333,-0.12051885706666667,-0.18537340506666666,0.0,,,,84,0,81,0,3,0,0,0,0
624428,"Frazier, Adam",2024,118.0,-0.776627199109344,-0.776627199109344,-0.5623476631988071,-0.2142795359105368,0.0,,,,921,0,4,812,105,0,0,0,0
676572,"Wagaman, Eric",2024,108.0,-1.3569550779782609,-1.3569550779782609,-1.3569550779782609,,0.0,,,,454,0,0,0,454,0,0,0,0
672356,"Arias, Gabriel",2024,114.0,-1.3305348263711911,-1.3305348263711911,-0.5866516599612188,-0.7438831664099723,0.0,,,,966,0,45,105,465,351,0,0,0
656976,"Smith, Pavin",2024,109.0,-0.3515916144215247,-0.3515916144215247,-0.12592519856502243,-0.2256664156412556,0.0,,,,192,0,192,0,0,0,0,0,0
593160,"Merrifield, Whit",2024,144.0,-1.2181419470207469,-1.2181419470207469,-1.6859436071037344,0.4678016593402489,0.0,,,,1611,0,0,1352,259,0,0,0,0
664774,"Wade Jr., LaMonte",2024,137.0,-1.5962259297426753,-1.5962259297426753,-2.4584290959363058,0.8622031661936306,0.0,,,,2229,0,2229,0,0,0,0,0,0
624415,"Biggio, Cavan",2024,144.0,-1.4640778501889764,-1.4640778501889764,-1.235715447914042,-0.2283624022749344,0.0,,,,1271,0,259,636,376,0,0,0,0
605141,"Betts, Mookie",2024,119.0,-1.1674656620769757,-1.1674656620769757,-1.7155058348864178,0.5480401728094423,0.0,,,,1909,0,0,315,0,1594,0,0,0
678225,"Bae, Ji Hwan",2024,134.0,-0.009753139179130435,-0.009753139179130435,-0.0010241731669565217,-0.008728966012173914,0.0,,,,3,0,0,3,0,0,0,0,0
669137,"Alvarez, Armando",2024,133.0,-1.8062009378,-1.8062009378,-1.8096376902,0.0034367533125,0.0,,,,219,0,87,24,108,0,0,0,0
642180,"Wade, Tyler",2024,135.0,-1.7043710319414846,-1.7043710319414846,-1.687380239973799,-0.01699079196768559,0.0,,,,947,0,0,158,522,267,0,0,0
665877,"Fermín, José",2024,138.0,-2.0847230138888886,-2.0847230138888886,-2.083083882936508,-0.0016391309523809525,0.0,,,,375,0,0,210,165,0,0,0,0
678877,"Noel, Jhonkensy",2024,114.0,-0.22507890665467628,-0.22507890665467628,-0.21468765350359711,-0.010391253244604316,0.0,,,,117,0,117,0,0,0,0,0,0
657061,"Tucker, Cole",2024,108.0,-1.6386807254810998,-1.6386807254810998,-1.4858719624810997,-0.15280876300000001,0.0,,,,197,0,0,0,197,0,0,0,0
682657,"Martínez, Angel",2024,114.0,-0.24408384568277947,-0.24408384568277947,-0.20581299834743205,-0.038270847335347434,0.0,,,,99,0,0,21,78,0,0,0,0
621466,"Stewart, DJ",2024,121.0,-0.05942420179611651,-0.05942420179611651,-0.06831401524271845,0.008889813446601941,0.0,,,,15,0,15,0,0,0,0,0,0
624503,"Gordon, Nick",2024,146.0,-0.06322172366855523,-0.06322172366855523,-0.052611014447592065,-0.010610709195467421,0.0,,,,45,0,0,45,0,0,0,0,0
669289,"Espinal, Santiago",2024,113.0,-2.785282018866122,-2.785282018866122,-2.845317480167755,0.060035461301632655,0.0,,,,2351,0,0,735,1514,102,0,0,0
680718,"Barger, Addison",2024,141.0,-1.5368565329148351,-1.5368565329148351,-2.6321539096559063,1.0952973767410714,0.0,,,,769,0,0,0,769,0,0,0,0
666135,"Kirilloff, Alex",2024,142.0,-0.9119265787509113,-0.9119265787509113,-1.1030530775358445,0.19112649878493318,0.0,,,,252,0,252,0,0,0,0,0,0
655316,"Monasterio, Andruw",2024,158.0,-3.0443609188141023,-3.0443609188141023,-3.276568355320513,0.23220743650641026,0.0,,,,930,0,48,382,500,0,0,0,0
605346,"López, Jack",2024,108.0,-3.1949032385380116,-3.1949032385380116,-3.1949032385380116,,0.0,,,,510,0,0,372,0,138,0,0,0
623993,"Santander, Anthony",2024,110.0,-0.002941734065159179,-0.002941734065159179,-0.0017548259303778637,-0.001186908134781315,0.0,,,,3,0,3,0,0,0,0,0,0
660644,"Bruján, Vidal",2024,146.0,-2.752505076015385,-2.752505076015385,-2.23022980244191,-0.5222752735734748,0.0,,,,1531,0,1,594,225,711,0,0,0
642215,"Wilson, Weston",2024,143.0,-0.9253635425609757,-0.9253635425609757,-0.9567972818048781,0.03143373924390244,0.0,,,,165,0,12,51,102,0,0,0,0
678246,"Vargas, Miguel",2024,145.0,-2.207108118173554,-2.207108118173554,-2.950113019871901,0.7430049016983471,0.0,,,,927,0,0,0,927,0,0,0,0
592178,"Bryant, Kris",2024,115.0,-1.7954940253964498,-1.7954940253964498,-1.5121345343964496,-0.2833594905325444,0.0,,,,237,0,237,0,0,0,0,0,0
663853,"Gonzalez, Romy",2024,111.0,-3.729975718354865,-3.729975718354865,-3.2163916110384303,-0.513584107316435,0.0,,,,1148,0,279,391,237,241,0,0,0
668715,"Steer, Spencer",2024,113.0,-1.6050677604725696,-1.6050677604725696,-1.4154569728553201,-0.1896107876172493,0.0,,,,1572,0,1485,78,0,9,0,0,0
670042,"Raley, Luke",2024,136.0,-1.149367495310881,-1.149367495310881,-1.2821446307772022,0.13277713546632125,0.0,,,,825,0,825,0,0,0,0,0,0
669222,"Senzel, Nick",2024,145.0,-4.055127223487678,-4.055127223487678,-3.545512065545183,-0.5096151579424945,0.0,,,,1315,0,0,0,1315,0,0,0,0
592669,"Renfroe, Hunter",2024,118.0,-0.004428418060271042,-0.004428418060271042,-0.006685292439372326,0.002256874379101284,0.0,,,,3,0,3,0,0,0,0,0,0
669911,"Toglia, Michael",2024,115.0,-3.7331430928663107,-3.7331430928663107,-3.698599276823529,-0.03454381604278075,0.0,,,,2672,0,2672,0,0,0,0,0,0
621035,"Taylor, Chris",2024,119.0,-2.1042108761879432,-2.1042108761879432,-1.6215572327482268,-0.48265364343971623,0.0,,,,795,0,0,372,423,0,0,0,0
592348,"Goodrum, Niko",2024,108.0,-3.4495081691681415,-3.4495081691681415,-3.102344604106195,-0.3471635658318584,0.0,,,,174,0,39,27,81,27,0,0,0
663527,"Nevin, Tyler",2024,133.0,-3.189084238645756,-3.189084238645756,-2.9344552666789663,-0.2546289719667897,0.0,,,,1086,0,633,0,453,0,0,0,0
650859,"Rengifo, Luis",2024,108.0,-5.277481955885974,-5.277481955885974,-5.277481955885974,,0.0,,,,1865,0,0,734,1104,27,0,0,0
669004,"Melendez, MJ",2024,118.0,-0.005988483156530753,-0.005988483156530753,-0.005900546673462336,-8.793648306841741e-05,0.0,,,,3,0,3,0,0,0,0,0,0
642708,"Rosario, Amed",2024,113.0,-3.990584386267531,-3.990584386267531,-3.9442742450459636,-0.04631014122156748,0.0,,,,1147,0,0,544,300,303,0,0,0
676475,"Burleson, Alec",2024,138.0,-1.0402084909662361,-1.0402084909662361,-1.2852157863664349,0.24500729540019858,0.0,,,,351,0,351,0,0,0,0,0,0
665839,"Valdez, Enmanuel",2024,111.0,-6.387624301599444,-6.387624301599444,-6.633050268953407,0.24542596635605007,0.0,,,,1435,0,0,1403,32,0,0,0,0
595777,"Profar, Jurickson",2024,135.0,-0.09997592797817188,-0.09997592797817188,-0.08998390398744884,-0.009992023990723057,0.0,,,,54,0,54,0,0,0,0,0,0
664913,"Brown, Seth",2024,133.0,-2.3061949868554867,-2.3061949868554867,-1.371753017793663,-0.9344419690618238,0.0,,,,862,0,862,0,0,0,0,0,0
657757,"Sheets, Gavin",2024,145.0,-3.726913160038351,-3.726913160038351,-3.4054014064544584,-0.32151175358389267,0.0,,,,1076,0,1076,0,0,0,0,0,0
668885,"Martin, Austin",2024,142.0,-1.2738629038431373,-1.2738629038431373,-1.038237873114379,-0.23562503072875818,0.0,,,,282,0,0,282,0,0,0,0,0
666624,"Morel, Christopher",2024,139.0,-10.410531094511812,-10.410531094511812,-9.948411030566929,-0.4621200657472441,0.0,,,,2289,0,0,552,1737,0,0,0,0
681807,"Fry, David",2024,114.0,-0.8013049430177306,-0.8013049430177306,-1.1975995542588653,0.3962946112411348,0.0,0.0,0.0,0.0,453,0,435,0,18,0,0,0,0
696100,"Goodman, Hunter",2024,115.0,-0.5406903119295581,-0.5406903119295581,-0.3956864971698895,-0.14500381475966853,0.0,0.0,0.0,0.0,93,0,93,0,0,0,0,0,0
657136,"Wong, Connor",2024,111.0,-3.131876000241245,-3.131876000241245,-3.131876000241245,,0.0,0.0,0.0,0.0,251,0,194,57,0,0,0,0,0
642350,"Siri, Jose",2024,139.0,15.274353430860591,15.274353430860591,14.760774245792316,0.5135791850682756,0.0,,,,3146,0,0,0,0,0,0,3146,0
672640,"Lopez, Otto",2024,146.0,0.11605123862359502,0.11605123862359502,0.11424794083567369,0.0018032977563202173,0.0,,,,30,0,0,0,0,0,21,9,0
641658,"Hampson, Garrett",2024,118.0,5.721823974300176,5.721823974300176,5.4849727429405535,0.23685123059682167,0.0,,,,1296,0,0,0,0,0,275,940,81
643289,"Dubón, Mauricio",2024,117.0,4.618860645846258,4.618860645846258,5.5715709243372835,-0.9527102778347443,0.0,,,,1938,0,0,0,0,0,1215,459,264
686217,"Frelick, Sal",2024,158.0,6.636916170275619,6.636916170275619,5.8313399624947,0.8055762077809188,0.0,,,,3384,0,0,0,0,0,552,504,2328
668942,"Rojas, Josh",2024,136.0,0.18000562302925271,0.18000562302925271,0.18960517658346576,-0.009599553554213033,0.0,,,,87,0,0,0,0,0,87,0,0
665862,"Chisholm Jr., Jazz",2024,147.0,4.23631848478423,4.23631848478423,3.656473398482685,0.579845086301545,0.0,,,,2488,0,0,0,0,0,0,2488,0
676391,"Clement, Ernie",2024,141.0,0.010491209767612761,0.010491209767612761,0.010872327644073533,-0.00038111787646077065,0.0,,,,6,0,0,0,0,0,6,0,0
621028,"Newman, Kevin",2024,109.0,0.018645575885992034,0.018645575885992034,0.018645575885992034,,0.0,,,,9,0,0,0,0,0,9,0,0
689172,"Wisely, Brett",2024,137.0,0.012783361295744589,0.012783361295744589,0.012671813821276504,0.00011154747127659495,0.0,,,,6,0,0,0,0,0,0,6,0
628451,"Ibáñez, Andy",2024,116.0,0.17564972728875836,0.17564972728875836,0.18535547673769298,-0.009705749448934611,0.0,,,,60,0,0,0,0,0,60,0,0
643396,"Kiner-Falefa, Isiah",2024,134.0,0.0028055417031103915,0.0028055417031103915,0.002575903215834227,0.0002296384882186713,0.0,,,,3,0,0,0,0,0,0,3,0
695257,"Cook, Billy",2024,134.0,2.052289176041666,2.052289176041666,1.0227097525416666,1.0295794242083334,0.0,,,,255,0,0,0,0,0,81,93,81
677649,"Duran, Ezequiel",2024,140.0,0.7699870087359854,0.7699870087359854,0.4817965064538878,0.2881905022820976,0.0,,,,447,0,0,0,0,0,399,3,45
656716,"McKinstry, Zach",2024,116.0,0.44642132298529397,0.44642132298529397,0.4281762564595587,0.01824506652573529,0.0,,,,372,0,0,0,0,0,245,0,127
650489,"Castro, Willi",2024,142.0,0.8471169059864966,0.8471169059864966,0.14925978493623404,0.6978571210502625,0.0,,,,1320,0,0,0,0,0,686,634,0
608336,"Gallo, Joey",2024,120.0,0.34540948106790875,0.34540948106790875,0.3648912775366588,-0.01948179660757212,0.0,,,,231,0,0,0,0,0,10,0,221
676632,"Madris, Bligh",2024,116.0,0.07658543985019454,0.07658543985019454,0.0820847081011673,-0.0054992682509727615,0.0,,,,17,0,0,0,0,0,0,0,17
694388,"Loperfido, Joey",2024,141.0,2.3012539018136717,2.3012539018136717,0.3509083236080485,1.950345578205623,0.0,,,,1805,0,0,0,0,0,1085,441,279
680977,"Donovan, Brendan",2024,138.0,1.431182839493808,1.431182839493808,2.779841451417957,-1.3486586119241484,0.0,,,,2454,0,0,0,0,0,2451,0,3
669707,"Triolo, Jared",2024,134.0,0.004462871800131801,0.004462871800131801,0.004526740462400929,-6.386866226912751e-05,0.0,,,,6,0,0,0,0,0,0,0,6
669242,"Edman, Tommy",2024,119.0,1.060805398208202,1.060805398208202,0.6748009805804416,0.3860044176277602,0.0,,,,564,0,0,0,0,0,0,564,0
679845,"Loftin, Nick",2024,118.0,0.04683321041429963,0.04683321041429963,0.04525108215866789,0.001582128255631731,0.0,,,,27,0,0,0,0,0,27,0,0
665828,"Cabrera, Oswaldo",2024,147.0,0.033533427909694526,0.033533427909694526,0.029839429800796787,0.0036939981088977393,0.0,,,,48,0,0,0,0,0,18,0,30
666971,"Gurriel Jr., Lourdes",2024,109.0,1.2758668124745283,1.2758668124745283,2.8536353490566033,-1.5777685365820755,0.0,,,,3177,0,0,0,0,0,3177,0,0
672580,"Garcia, Maikel",2024,118.0,0.0016067910026247142,0.0016067910026247142,0.0015732168149606715,3.357418897637884e-05,0.0,,,,5,0,0,0,0,0,0,0,5
678882,"Rafaela, Ceddanne",2024,111.0,0.54234099344425,0.54234099344425,-0.365053801167,0.90739479461125,0.0,,,,1903,0,0,0,0,0,0,1894,9
621545,"Remillard, Zach",2024,145.0,0.09076540954639176,0.09076540954639176,0.09050705155670102,0.00025835798969072165,0.0,,,,27,0,0,0,0,0,24,3,0
641355,"Bellinger, Cody",2024,112.0,0.7342087096834532,0.7342087096834532,0.20836117011151076,0.5258475395719424,0.0,,,,2382,0,0,0,0,0,3,1211,1168
643265,"Cooper, Garrett",2024,111.0,0.023855235375000006,0.023855235375000006,0.027233321884615393,-0.0033780865096153857,0.0,,,,9,0,0,0,0,0,9,0,0
571771,"Hernández, Enrique",2024,119.0,0.11655897850950574,0.11655897850950574,0.1673476696505704,-0.05078869114106466,0.0,,,,423,0,0,0,0,0,261,162,0
641432,"Calhoun, Willie",2024,108.0,0.042897029151515116,0.042897029151515116,0.04644572606060601,-0.003548696909090906,0.0,,,,6,0,0,0,0,0,6,0,0
663330,"Jones, Jahmai",2024,147.0,0.37265837826086956,0.37265837826086956,0.32036527497101447,0.05229310328985507,0.0,,,,129,0,0,0,0,0,69,0,60
642201,"White, Eli",2024,144.0,0.5403281975229358,0.5403281975229358,0.7168064247155963,-0.17647822719266054,0.0,,,,318,0,0,0,0,0,114,78,126
676116,"Noda, Ryan",2024,133.0,0.007083969546666653,0.007083969546666653,0.0069582837866666546,0.00012568575999999976,0.0,,,,9,0,0,0,0,0,0,0,9
676914,"Schneider, Davis",2024,141.0,0.28269929828174883,0.28269929828174883,-0.3454463449993061,0.6281456432810549,0.0,,,,1904,0,0,0,0,0,1904,0,0
666915,"Dalbec, Bobby",2024,111.0,0.032075663165625004,0.032075663165625004,0.03191572804218751,0.00015993512343750004,0.0,,,,51,0,0,0,0,0,0,0,51
680700,"Palacios, Richie",2024,139.0,0.16644151034194216,0.16644151034194216,1.184832478179752,-1.0183909678378098,0.0,,,,1114,0,0,0,0,0,417,0,697
643393,"Kemp, Tony",2024,110.0,0.018735433049180315,0.018735433049180315,0.018735433049180315,,0.0,,,,4,0,0,0,0,0,4,0,0
545121,"Vargas, Ildemaro",2024,120.0,0.02476467677952756,0.02476467677952756,0.08167553646555119,-0.05691085968602363,0.0,,,,237,0,0,0,0,0,237,0,0
642197,"Westbrook, Jamie",2024,111.0,0.0014806172884615331,0.0014806172884615331,-9.086432692307661e-05,0.0015714816153846098,0.0,,,,3,0,0,0,0,0,0,0,3
605119,"Anderson, Brian",2024,144.0,0.08977574264285715,0.08977574264285715,0.009109285714285714,0.08066645692857143,0.0,,,,39,0,0,0,0,0,0,0,39
647351,"Toro, Abraham",2024,133.0,0.00122282064026045,0.00122282064026045,0.0007772179012479685,0.0004456027390124815,0.0,,,,24,0,0,0,0,0,24,0,0
680737,"Helman, Michael",2024,142.0,0.07169357800000001,0.07169357800000001,0.008780869565217392,0.06291270843478261,0.0,,,,66,0,0,0,0,0,9,39,18
664238,"Moore, Dylan",2024,136.0,0.00973160274193548,0.00973160274193548,0.06748308682963708,-0.0577514840877016,0.0,,,,415,0,0,0,0,0,412,3,0
656582,"Joe, Connor",2024,134.0,0.02104411014244898,0.02104411014244898,-0.4680222068297959,0.4890663174159184,0.0,,,,1087,0,0,0,0,0,141,0,946
682177,"Schneemann, Daniel",2024,114.0,0.009077547968316831,0.009077547968316831,-0.10949559866138614,0.11857314662970297,0.0,,,,612,0,0,0,0,0,69,324,219
686555,"Collins, Isaac",2024,158.0,0.014603196857142859,0.014603196857142859,-0.23295212657142858,0.24755532342857145,0.0,,,,90,0,0,0,0,0,90,0,0
663897,"Williams, Luke",2024,144.0,-0.00023561018897637795,-0.00023561018897637795,0.006740492826771654,-0.0069761031968503945,0.0,,,,69,0,0,0,0,0,69,0,0
643446,"McNeil, Jeff",2024,121.0,-0.04079046533417643,-0.04079046533417643,0.08051890414068924,-0.12130936947486565,0.0,,,,549,0,0,0,0,0,261,0,288
682119,"Jordan, Levi",2024,113.0,-0.28226375014814814,-0.28226375014814814,-0.013493333333333333,-0.2687704168148148,0.0,,,,69,0,0,0,0,0,39,0,30
613564,"Vosler, Jason",2024,136.0,-0.07379963149999999,-0.07379963149999999,-0.03698950480555555,-0.036810126888888885,0.0,,,,21,0,0,0,0,0,3,0,18
663837,"Vierling, Matt",2024,116.0,-0.2597651811723206,-0.2597651811723206,0.5001392982996097,-0.7599044794719303,0.0,,,,2217,0,0,0,0,0,273,1203,741
622761,"Mateo, Jorge",2024,110.0,-0.01341190133157547,-0.01341190133157547,-0.014908807307185223,0.001496905975609755,0.0,,,,51,0,0,0,0,0,0,51,0
668723,"Vilade, Ryan",2024,116.0,-0.3999333528189911,-0.3999333528189911,0.2944524925816024,-0.6943858454005936,0.0,,,,331,0,0,0,0,0,150,26,155
592192,"Canha, Mark",2024,137.0,-0.2092196751709273,-0.2092196751709273,0.3860002630796992,-0.5952199382506266,0.0,,,,866,0,0,0,0,0,555,0,311
670156,"Mastrobuoni, Miles",2024,112.0,-0.029615203833815034,-0.029615203833815034,-0.021389760104046248,-0.008225443729768788,0.0,,,,39,0,0,0,0,0,24,0,15
680474,"Schuemann, Max",2024,133.0,-0.020721206357076208,-0.020721206357076208,-0.04024390565505444,0.019522699334370144,0.0,,,,117,0,0,0,0,0,93,21,3
680716,"Ornelas, Jonathan",2024,140.0,-0.005689659506250013,-0.005689659506250013,-0.005683012687500014,-6.646818750000016e-06,0.0,,,,3,0,0,0,0,0,0,3,0
671117,"Baker, Darren",2024,120.0,-0.06061343095238095,-0.06061343095238095,-0.06061343095238095,,0.0,,,,6,0,0,0,0,0,6,0,0
671289,"Freeman, Tyler",2024,114.0,-0.5731745804210526,-0.5731745804210526,-3.3767073453157894,2.8035327657894737,0.0,,,,2193,0,0,0,0,0,0,2193,0
691594,"Sanoja, Javier",2024,146.0,-0.32555430457322176,-0.32555430457322176,-0.31345007641841005,-0.012104228154811715,0.0,,,,107,0,0,0,0,0,42,65,0
665019,"Clemens, Kody",2024,143.0,-0.0659640967226891,-0.0659640967226891,-0.07789348470588238,0.011929387983193283,0.0,,,,60,0,0,0,0,0,60,0,0
641343,"Bauers, Jake",2024,158.0,-0.09225533921623062,-0.09225533921623062,-0.07676223222744258,-0.015493106988788035,0.0,,,,214,0,0,0,0,0,131,0,83
542932,"Berti, Jon",2024,147.0,-0.0048519410479042294,-0.0048519410479042294,-0.0045013212934132095,-0.00035061975449102075,0.0,,,,3,0,0,0,0,0,3,0,0
666464,"Encarnacion, Jerar",2024,137.0,-0.7376199456910569,-0.7376199456910569,-0.6018332931707318,-0.1357866525203252,0.0,,,,330,0,0,0,0,0,84,0,246
665833,"Cruz, Oneil",2024,134.0,-0.1427948721546243,-0.1427948721546243,-0.10700005767919077,-0.035794814475433534,0.0,,,,585,0,0,0,0,0,0,585,0
669701,"Smith, Josh",2024,140.0,-0.03855499039779006,-0.03855499039779006,-0.03667267112707183,-0.0018823192302025787,0.0,,,,132,0,0,0,0,0,111,0,21
656811,"O'Hearn, Ryan",2024,110.0,-0.2877108265355648,-0.2877108265355648,-0.3733292110938433,0.08561838455827853,0.0,,,,474,0,0,0,0,0,129,0,345
668952,"Kreidler, Ryan",2024,116.0,-0.011763557274368277,-0.011763557274368277,-0.011763557274368277,,0.0,,,,6,0,0,0,0,0,3,3,0
621550,"Wisdom, Patrick",2024,112.0,-0.1232685720906801,-0.1232685720906801,-0.11757268802267003,-0.005695884068010075,0.0,,,,90,0,0,0,0,0,39,0,51
666149,"Fitzgerald, Tyler",2024,137.0,-0.12984623376470592,-0.12984623376470592,-0.13783001929411767,0.007983785529411766,0.0,,,,256,0,0,0,0,0,66,190,0
694377,"Yorke, Nick",2024,134.0,-0.2962077174782609,-0.2962077174782609,-0.3030714866086957,0.006863769130434784,0.0,,,,72,0,0,0,0,0,24,0,48
682073,"Hensley, David",2024,146.0,-0.8412037208666667,-0.8412037208666667,-0.33142685693333335,-0.5097768639333333,0.0,,,,231,0,0,0,0,0,57,0,174
624428,"Frazier, Adam",2024,118.0,-0.49582713689065605,-0.49582713689065605,-0.3590232638011928,-0.1368038730894632,0.0,,,,588,0,0,0,0,0,108,0,480
676572,"Wagaman, Eric",2024,108.0,-0.017933327021739182,-0.017933327021739182,-0.017933327021739182,,0.0,,,,6,0,0,0,0,0,6,0,0
672356,"Arias, Gabriel",2024,114.0,-0.1611517336288088,-0.1611517336288088,-0.07105408303878114,-0.09009765059002768,0.0,,,,117,0,0,0,0,0,36,57,24
656976,"Smith, Pavin",2024,109.0,-1.2818444275784755,-1.2818444275784755,-0.45910228643497764,-0.8227421403587445,0.0,,,,700,0,0,0,0,0,373,0,327
593160,"Merrifield, Whit",2024,144.0,-0.42192626097925306,-0.42192626097925306,-0.5839581208962654,0.162031859659751,0.0,,,,558,0,0,0,0,0,558,0,0
664774,"Wade Jr., LaMonte",2024,137.0,-0.09023080625732482,-0.09023080625732482,-0.13896907406369424,0.04873826780636942,0.0,,,,126,0,0,0,0,0,27,0,99
624415,"Biggio, Cavan",2024,144.0,-0.2914332778110236,-0.2914332778110236,-0.245976403085958,-0.04545687472506562,0.0,,,,253,0,0,0,0,0,0,0,253
605141,"Betts, Mookie",2024,119.0,-0.6201205769230244,-0.6201205769230244,-0.911222062113582,0.2911014851905577,0.0,,,,1014,0,0,0,0,0,0,0,1014
678225,"Bae, Ji Hwan",2024,134.0,-1.8595985368208694,-1.8595985368208694,-0.19527568383304347,-1.6643228529878262,0.0,,,,572,0,0,0,0,0,0,384,188
669137,"Alvarez, Armando",2024,133.0,-0.17319735020000004,-0.17319735020000004,-0.17352690180000005,0.0003295516875000001,0.0,,,,21,0,0,0,0,0,21,0,0
642180,"Wade, Tyler",2024,135.0,-0.35635212705851543,-0.35635212705851543,-0.352799670026201,-0.0035524570323144113,0.0,,,,198,0,0,0,0,0,102,33,63
665877,"Fermín, José",2024,138.0,-0.01667778411111105,-0.01667778411111105,-0.016664671063492006,-1.3113047619047572e-05,0.0,,,,3,0,0,0,0,0,3,0,0
678877,"Noel, Jhonkensy",2024,114.0,-2.181534018345324,-2.181534018345324,-2.080818795496403,-0.10071522375539568,0.0,,,,1134,0,0,0,0,0,6,0,1128
657061,"Tucker, Cole",2024,108.0,-0.7819085695189003,-0.7819085695189003,-0.7089947435189002,-0.07291382599999999,0.0,,,,94,0,0,0,0,0,94,0,0
682657,"Martínez, Angel",2024,114.0,-2.204151091317221,-2.204151091317221,-1.8585537426525682,-0.3455973486646526,0.0,,,,894,0,0,0,0,0,357,450,87
621466,"Stewart, DJ",2024,121.0,-2.3888529122038835,-2.3888529122038835,-2.7462234127572813,0.35737050055339803,0.0,,,,603,0,0,0,0,0,123,0,480
624503,"Gordon, Nick",2024,146.0,-2.4164747713314445,-2.4164747713314445,-2.0109098855524077,-0.40556488480453257,0.0,,,,1720,0,0,0,0,0,1480,237,3
669289,"Espinal, Santiago",2024,113.0,-0.11728750313387766,-0.11728750313387766,-0.11981558083224501,0.0025280776983673497,0.0,,,,99,0,0,0,0,0,57,0,42
680718,"Barger, Addison",2024,141.0,-1.3729784630851647,-1.3729784630851647,-2.3514821013440934,0.9785036382589285,0.0,,,,687,0,0,0,0,0,165,0,522
666135,"Kirilloff, Alex",2024,142.0,-2.0663098272490887,-2.0663098272490887,-2.4993782034641554,0.4330683762150669,0.0,,,,571,0,0,0,0,0,456,0,115
655316,"Monasterio, Andruw",2024,158.0,-0.019641038185897366,-0.019641038185897366,-0.021139150679487104,0.0014981124935897383,0.0,,,,6,0,0,0,0,0,6,0,0
605346,"López, Jack",2024,108.0,-0.018793548461988482,-0.018793548461988482,-0.018793548461988482,,0.0,,,,3,0,0,0,0,0,0,0,3
623993,"Santander, Anthony",2024,110.0,-3.292780996934841,-3.292780996934841,-1.964235158069622,-1.3285458388652187,0.0,,,,3358,0,0,0,0,0,0,0,3358
660644,"Bruján, Vidal",2024,146.0,-0.6364381429846153,-0.6364381429846153,-0.5156769105580901,-0.12076123242652516,0.0,,,,354,0,0,0,0,0,30,219,105
642215,"Wilson, Weston",2024,143.0,-2.5237187524390245,-2.5237187524390245,-2.609447132195122,0.08572837975609755,0.0,,,,450,0,0,0,0,0,375,3,72
678246,"Vargas, Miguel",2024,145.0,-1.2499803258264461,-1.2499803258264461,-1.670775982128099,0.42079565630165283,0.0,,,,525,0,0,0,0,0,525,0,0
592178,"Bryant, Kris",2024,115.0,-2.0454995226035506,-2.0454995226035506,-1.7226849126035504,-0.32281460946745566,0.0,,,,270,0,0,0,0,0,0,0,270
663853,"Gonzalez, Romy",2024,111.0,-0.24368308264513505,-0.24368308264513505,-0.21013011396157005,-0.033552968683565026,0.0,,,,75,0,0,0,0,0,15,27,33
668715,"Steer, Spencer",2024,113.0,-2.396370250527431,-2.396370250527431,-2.1132808621446797,-0.2830893883827507,0.0,,,,2347,0,0,0,0,0,2322,0,25
670042,"Raley, Luke",2024,136.0,-2.883867533689119,-2.883867533689119,-3.217017437222798,0.33314990353367874,0.0,,,,2070,0,0,0,0,0,1271,144,655
669222,"Senzel, Nick",2024,145.0,-0.07400992651232245,-0.07400992651232245,-0.06470896545481687,-0.00930096105750558,0.0,,,,24,0,0,0,0,0,0,0,24
592669,"Renfroe, Hunter",2024,118.0,-4.134666328939728,-4.134666328939728,-6.241834707560628,2.1071683786208983,0.0,,,,2801,0,0,0,0,0,0,0,2801
669911,"Toglia, Michael",2024,115.0,-0.4470830051336898,-0.4470830051336898,-0.4429460211764705,-0.004136983957219251,0.0,,,,320,0,0,0,0,0,3,0,317
621035,"Taylor, Chris",2024,119.0,-2.3741851018120568,-2.3741851018120568,-1.829606085251773,-0.5445790165602836,0.0,,,,897,0,0,0,0,0,816,81,0
592348,"Goodrum, Niko",2024,108.0,-1.0308874988318586,-1.0308874988318586,-0.9271374678938055,-0.1037500311681416,0.0,,,,52,0,0,0,0,0,52,0,0
663527,"Nevin, Tyler",2024,133.0,-1.5857324943542437,-1.5857324943542437,-1.4591214033210334,-0.12661109103321036,0.0,,,,540,0,0,0,0,0,198,0,342
650859,"Rengifo, Luis",2024,108.0,-0.00848924711402576,-0.00848924711402576,-0.00848924711402576,,0.0,,,,3,0,0,0,0,0,0,0,3
669004,"Melendez, MJ",2024,118.0,-5.770901601843469,-5.770901601843469,-5.6861601443265375,-0.08474145751693159,0.0,,,,2891,0,0,0,0,0,2819,0,72
642708,"Rosario, Amed",2024,113.0,-1.913532181732469,-1.913532181732469,-1.8913259239540365,-0.02220625777843253,0.0,,,,550,0,0,0,0,0,0,0,550
676475,"Burleson, Alec",2024,138.0,-4.928395215033763,-4.928395215033763,-6.089213255633565,1.1608180405998012,0.0,,,,1663,0,0,0,0,0,691,0,972
665839,"Valdez, Enmanuel",2024,111.0,-0.013353918400556242,-0.013353918400556242,-0.013867004046592399,0.0005130856439499272,0.0,,,,3,0,0,0,0,0,3,0,0
595777,"Profar, Jurickson",2024,135.0,-6.685427332021828,-6.685427332021828,-6.017256987012551,-0.668170345009277,0.0,,,,3611,0,0,0,0,0,3611,0,0
664913,"Brown, Seth",2024,133.0,-4.617740774144513,-4.617740774144513,-2.746688757206337,-1.8710520169381764,0.0,,,,1726,0,0,0,0,0,1081,3,642
657757,"Sheets, Gavin",2024,145.0,-3.498310679961649,-3.498310679961649,-3.1965199075455417,-0.30179077241610736,0.0,,,,1010,0,0,0,0,0,0,0,1010
668885,"Martin, Austin",2024,142.0,-7.019797704156862,-7.019797704156862,-5.721353385885621,-1.2984443182712417,0.0,,,,1554,0,0,0,0,0,721,833,0
666624,"Morel, Christopher",2024,139.0,-1.1415654454881892,-1.1415654454881892,-1.090891729433071,-0.05067371625275591,0.0,,,,251,0,0,0,0,0,251,0,0
681807,"Fry, David",2024,114.0,-0.6951718379822693,-0.6951718379822693,-1.0389770967411347,0.3438052587588652,0.0,0.0,0.0,0.0,393,0,0,0,0,0,339,0,54
696100,"Goodman, Hunter",2024,115.0,-3.668554697070442,-3.668554697070442,-2.684711609830111,-0.9838430872403315,0.0,0.0,0.0,0.0,631,0,0,0,0,0,135,0,496
657136,"Wong, Connor",2024,111.0,-0.07486556175875496,-0.07486556175875496,-0.07486556175875496,,0.0,0.0,0.0,0.0,6,0,0,0,0,0,6,0,0
672275,"Bailey, Patrick",2024,137.0,21.5549221,,,,21.5549221,16.14286166,5.747591111,-0.335530673,2724,2724,0,0,0,0,0,0,0
662139,"Varsho, Daulton",2024,141.0,16.52116279,16.52116279,14.14809,2.373072786,0.0,,,,3256,0,0,0,0,0,1213,2016,27
691718,"Crow-Armstrong, Pete",2024,112.0,16.45146115,16.45146115,12.75228,3.699181152,0.0,,,,2897,0,0,0,0,0,0,2897,0
696285,"Young, Jacob",2024,120.0,16.38279828,16.38279828,17.94024,-1.557441724,0.0,,,,3755,0,0,0,0,0,0,3755,0
686668,"Doyle, Brenton",2024,115.0,15.40301757,15.40301757,14.05566,1.347357568,0.0,,,,3728,0,0,0,0,0,0,3728,0
672386,"Kirk, Alejandro",2024,141.0,14.49304007,,,,14.49304007,9.421016301,4.309456804,0.762566963,2298,2298,0,0,0,0,0,0,0
663728,"Raleigh, Cal",2024,136.0,14.34961424,,,,14.34961424,13.08363659,1.647684327,-0.38170668,3366,3366,0,0,0,0,0,0,0
665926,"Giménez, Andrés",2024,114.0,14.25540667,14.25540667,14.31044253,-0.055035868,0.0,,,,3993,0,0,3993,0,0,0,0,0
543760,"Semien, Marcus",2024,140.0,14.23665793,14.23665793,14.23764422,-0.00098629,0.0,,,,4148,0,0,4148,0,0,0,0,0
621020,"Swanson, Dansby",2024,112.0,13.85477175,13.85477175,13.8226658,0.03210595,0.0,,,,3820,0,0,0,0,3820,0,0,0
672279,"Siani, Michael",2024,138.0,12.9945228,12.9945228,14.52456,-1.530037196,0.0,,,,2632,0,0,0,0,0,54,2515,63
669224,"Wells, Austin",2024,147.0,12.66457692,,,,12.66457692,11.64914559,-0.076510219,1.091941555,2617,2617,0,0,0,0,0,0,0
596019,"Lindor, Francisco",2024,121.0,12.29365476,12.29365476,12.23886352,0.054791246,0.0,,,,3935,0,0,0,0,3935,0,0,0
677951,"Witt Jr., Bobby",2024,118.0,12.06585861,12.06585861,11.70793016,0.357928457,0.0,,,,4181,0,0,0,0,4181,0,0,0
680776,"Duran, Jarren",2024,111.0,11.58362908,11.58362908,9.46782,2.115809081,0.0,,,,4264,0,0,0,0,0,1833,2431,0
676694,"Meyers, Jake",2024,117.0,11.55935112,11.55935112,12.61512,-1.055768879,0.0,,,,3435,0,0,0,0,0,3,3432,0
668670,"Rogers, Jake",2024,116.0,11.51048969,,,,11.51048969,8.75136473,0.716525959,2.042599003,2283,2283,0,0,0,0,0,0,0
572191,"Taylor, Michael A.",2024,134.0,11.46028417,11.46028417,9.76338,1.696904166,0.0,,,,2207,0,0,0,0,0,33,2174,0
682829,"De La Cruz, Elly",2024,113.0,11.18419565,11.18419565,10.98530714,0.198888511,0.0,,,,4173,0,0,0,0,4173,0,0,0
678662,"Tovar, Ezequiel",2024,115.0,11.08459637,11.08459637,11.07895145,0.005644923,0.0,,,,4127,0,0,0,0,4127,0,0,0
679032,"Rojas, Johan",2024,143.0,10.70955913,10.70955913,7.15095,3.558609128,0.0,,,,2710,0,0,0,0,0,0,2710,0
467793,"Santana, Carlos",2024,142.0,10.60442511,10.60442511,10.60442511,,0.0,,,,3750,0,3750,0,0,0,0,0,0
683011,"Volpe, Anthony",2024,147.0,10.53804183,10.53804183,10.96350334,-0.425461506,0.0,,,,4249,0,0,0,0,4249,0,0,0
595281,"Kiermaier, Kevin",2024,119.0,10.53731965,10.53731965,10.08981,0.447509653,0.0,,,,2167,0,0,0,0,0,0,2164,3
664056,"Bader, Harrison",2024,121.0,10.25952369,10.25952369,9.26064,0.998883694,0.0,,,,3076,0,0,0,0,0,0,3076,0
701538,"Merrill, Jackson",2024,135.0,9.721880631,9.721880631,9.96408,-0.242199369,0.0,,,,3970,0,0,0,0,0,0,3970,0
681297,"Cowser, Colton",2024,110.0,9.708956741,9.708956741,9.65421,0.054746741,0.0,,,,3578,0,0,0,0,0,2429,930,219
572233,"Walker, Christian",2024,109.0,9.675036905,9.675036905,9.603891498,0.071145407,0.0,,,,3313,0,3313,0,0,0,0,0,0
677800,"Abreu, Wilyer",2024,111.0,9.464824528,9.464824528,6.15213,3.312694528,0.0,,,,2881,0,0,0,0,0,111,6,2764
663368,"Perkins, Blake",2024,158.0,9.38504408,9.38504408,9.32742,0.05762408,0.0,,,,2869,0,0,0,0,0,0,2869,0
500743,"Rojas, Miguel",2024,119.0,9.176614233,9.176614233,9.176614233,,0.0,,,,2268,0,3,285,192,1788,0,0,0
624431,"Trevino, Jose",2024,147.0,9.066364301,,,,9.066364301,10.09849939,-2.764828262,1.732693168,1632,1632,0,0,0,0,0,0,0
687401,"Ortiz, Joey",2024,158.0,8.305053367,8.305053367,8.208237392,0.096815975,0.0,,,,3492,0,0,93,3295,104,0,0,0
676356,"DeLuca, Jonny",2024,139.0,8.270838655,8.270838655,7.00119,1.269648655,0.0,,,,2382,0,0,0,0,0,270,962,1150
671739,"Harris II, Michael",2024,144.0,8.231923616,8.231923616,7.17426,1.057663616,0.0,,,,2882,0,0,0,0,0,0,2882,0
656305,"Chapman, Matt",2024,137.0,8.228629077,8.228629077,8.228629077,,0.0,,,,4014,0,0,0,4014,0,0,0,0
595978,"Hedges, Austin",2024,114.0,8.1165743,,,,8.1165743,6.017967007,1.03267155,1.065935742,1190,1190,0,0,0,0,0,0,0
663538,"Hoerner, Nico",2024,112.0,7.754322597,7.754322597,7.417468963,0.336853635,0.0,,,,3922,0,0,3703,0,219,0,0,0
664728,"Isbel, Kyle",2024,118.0,7.716559881,7.716559881,8.52237,-0.805810119,0.0,,,,3139,0,0,0,0,0,0,3139,0
666310,"Naylor, Bo",2024,114.0,7.643555658,,,,7.643555658,7.766491667,-0.804358814,0.681422804,2698,2698,0,0,0,0,0,0,0
677594,"Rodríguez, Julio",2024,136.0,7.474342737,7.474342737,6.74388,0.730462737,0.0,,,,3400,0,0,0,0,0,0,3400,0
571448,"Arenado, Nolan",2024,138.0,7.052428721,7.052428721,7.052428721,,0.0,,,,3805,0,0,0,3805,0,0,0,0
694192,"Chourio, Jackson",2024,158.0,6.880430918,6.880430918,5.46498,1.415450918,0.0,,,,3621,0,0,0,0,0,2171,0,1450
605113,"Ahmed, Nick",2024,135.0,6.666256769,6.666256769,6.666256769,,0.0,,,,1690,0,0,27,0,1663,0,0,0
642731,"Estrada, Thairo",2024,137.0,6.410629389,6.410629389,6.44545266,-0.03482327,0.0,,,,2435,0,0,2435,0,0,0,0,0
680757,"Kwan, Steven",2024,114.0,6.335370928,6.335370928,2.42847,3.906900928,0.0,,,,2970,0,0,0,0,0,2970,0,0
606466,"Marte, Ketel",2024,109.0,6.165019138,6.165019138,5.932401719,0.232617419,0.0,,,,2792,0,0,2789,0,3,0,0,0
666023,"Fermin, Freddy",2024,118.0,5.834072641,,,,5.834072641,-1.546804509,5.074012578,2.306864572,1989,1989,0,0,0,0,0,0,0
678009,"Meadows, Parker",2024,116.0,5.749170239,5.749170239,5.30532,0.443850239,0.0,,,,1980,0,0,0,0,0,0,1980,0
664983,"McCarthy, Jake",2024,109.0,5.642023887,5.642023887,5.55489,0.087133887,0.0,,,,3185,0,0,0,0,0,492,1498,1195
676609,"Caballero, José",2024,139.0,5.638958621,5.638958621,5.450621392,0.188337229,0.0,,,,3316,0,0,525,651,2140,0,0,0
665750,"Taveras, Leody",2024,140.0,5.479284394,5.479284394,4.38129,1.097994394,0.0,,,,3681,0,0,0,0,0,0,3681,0
547180,"Harper, Bryce",2024,143.0,5.46786307,5.46786307,5.46786307,,0.0,,,,3700,0,3700,0,0,0,0,0,0
641857,"McMahon, Ryan",2024,115.0,5.464245994,5.464245994,5.21727967,0.246966324,0.0,,,,3920,0,0,0,3920,0,0,0,0
608324,"Bregman, Alex",2024,117.0,5.298916299,5.298916299,4.587349179,0.711567121,0.0,,,,3704,0,0,0,3704,0,0,0,0
605170,"Caratini, Victor",2024,117.0,4.988171706,0.0,0.0,0.0,4.988171706,2.988460324,1.108805052,0.89090633,1440,1440,0,0,0,0,0,0,0
663993,"Lowe, Nathaniel",2024,140.0,4.958813524,4.958813524,4.958813524,,0.0,,,,3581,0,3581,0,0,0,0,0,0
665506,"Pache, Cristian",2024,146.0,4.812034146,4.812034146,4.25088,0.561154146,0.0,,,,1355,0,0,0,0,0,330,1007,18
694671,"Langford, Wyatt",2024,140.0,4.618877401,4.618877401,2.06415,2.554727401,0.0,,,,2783,0,0,0,0,0,2498,285,0
624641,"Sosa, Edmundo",2024,143.0,4.611448999,4.611448999,4.339111571,0.272337428,0.0,,,,1886,0,0,424,398,1064,0,0,0
543877,"Vázquez, Christian",2024,142.0,5.038242776,0.0,0.0,0.0,5.038242776,6.03921934,-1.680988383,0.680011819,2157,2157,0,0,0,0,0,0,0
668930,"Turang, Brice",2024,158.0,4.379489979,4.379489979,4.317499975,0.061990004,0.0,,,,3833,0,0,3833,0,0,0,0,0
608671,"Jankowski, Travis",2024,140.0,4.35699218,4.35699218,4.13208,0.22491218,0.0,,,,963,0,0,0,0,0,270,180,513
663647,"Hayes, Ke'Bryan",2024,134.0,4.30865631,4.30865631,4.30865631,,0.0,,,,2489,0,0,0,2489,0,0,0,0
677587,"Rocchio, Brayan",2024,114.0,4.178976587,4.178976587,4.17852945,0.000447137,0.0,,,,3306,0,0,0,0,3306,0,0,0
608348,"Kelly, Carson",2024,140.0,4.154244416,,,,4.154244416,0.91296841,2.434099322,0.807176684,2018,2018,0,0,0,0,0,0,0
671277,"García Jr., Luis",2024,120.0,4.142449395,4.142449395,4.002953651,0.139495744,0.0,,,,3258,0,0,3258,0,0,0,0,0
608369,"Seager, Corey",2024,140.0,4.091259972,4.091259972,4.092336225,-0.001076253,0.0,,,,2878,0,0,0,0,2878,0,0,0
672515,"Moreno, Gabriel",2024,109.0,4.078844073,,,,4.078844073,2.016899181,1.788960759,0.272984133,2196,2196,0,0,0,0,0,0,0
664761,"Bohm, Alec",2024,143.0,4.075052974,4.075052974,4.075052974,,0.0,,,,3610,0,322,0,3288,0,0,0,0
593428,"Bogaerts, Xander",2024,135.0,3.861807232,3.861807232,3.861807232,,0.0,,,,2663,0,0,2207,0,456,0,0,0
620443,"Torrens, Luis",2024,121.0,3.79771446,,,,3.79771446,0.923593747,3.907857237,-1.033736523,897,897,0,0,0,0,0,0,0
670032,"Lopez, Nicky",2024,145.0,3.766986225,3.766986225,3.766986225,,0.0,,,,2955,0,0,1921,0,1034,0,0,0
621438,"Taylor, Tyrone",2024,121.0,3.763660312,3.763660312,4.49352,-0.729859688,0.0,,,,2263,0,0,0,0,0,361,819,1083
571657,"Farmer, Kyle",2024,142.0,3.761091376,3.761091376,3.549148687,0.21194269,0.0,,,,1683,0,9,1091,426,157,0,0,0
621439,"Buxton, Byron",2024,142.0,3.729491599,3.729491599,2.49003,1.239461599,0.0,,,,2301,0,0,0,0,0,0,2301,0
621043,"Correa, Carlos",2024,142.0,3.70252054,3.70252054,3.471451426,0.231069114,0.0,,,,2137,0,0,0,0,2137,0,0,0
621493,"Ward, Taylor",2024,108.0,3.586958834,3.586958834,3.08817,0.498788834,0.0,,,,3723,0,0,0,0,0,3723,0,0
553869,"Díaz, Elias",2024,135.0,3.569907292,,,,3.569907292,2.435966389,1.695198979,-0.561258076,1813,1813,0,0,0,0,0,0,0
691026,"Winn, Masyn",2024,138.0,3.544669368,3.544669368,2.533599296,1.011070072,0.0,,,,3856,0,0,0,0,3856,0,0,0
682998,"Carroll, Corbin",2024,109.0,3.469536503,3.469536503,6.75774,-3.288203497,0.0,,,,3951,0,0,0,0,0,0,2016,1935
672642,"Berroa, Steward",2024,141.0,3.423146362,3.423146362,2.85156,0.571586362,0.0,,,,321,0,0,0,0,0,84,9,228
669003,"Mitchell, Garrett",2024,158.0,3.265724215,3.265724215,1.99953,1.266194215,0.0,,,,1370,0,0,0,0,0,0,932,438
518934,"LeMahieu, DJ",2024,147.0,3.259908828,3.259908828,3.259908828,,0.0,,,,1534,0,647,0,887,0,0,0,0
621512,"Nido, Tomás",2024,112.0,3.182839357,,,,3.182839357,0.446124555,2.18358125,0.553133552,1077,1077,0,0,0,0,0,0,0
657077,"Verdugo, Alex",2024,147.0,3.155467706,3.155467706,-0.2061,3.361567706,0.0,,,,3926,0,0,0,0,0,3661,46,219
668845,"Schunk, Aaron",2024,115.0,3.046026624,3.046026624,3.047156082,-0.001129459,0.0,,,,747,0,0,372,267,108,0,0,0
686611,"Crews, Dylan",2024,120.0,3.020260481,3.020260481,2.30661,0.713650481,0.0,,,,821,0,0,0,0,0,0,93,728
621566,"Olson, Matt",2024,144.0,3.017552335,3.017552335,3.017552335,,0.0,,,,4330,0,4330,0,0,0,0,0,0
570482,"Urshela, Gio",2024,144.0,3.016285622,3.016285622,3.016285622,,0.0,,,,3115,0,405,0,2707,3,0,0,0
606115,"Arcia, Orlando",2024,144.0,3.013842003,3.013842003,3.090645717,-0.076803714,0.0,,,,4144,0,0,0,0,4144,0,0,0
673490,"Kim, Ha-Seong",2024,135.0,2.980513455,2.980513455,2.98046913,4.43257e-05,0.0,,,,3140,0,0,0,0,3140,0,0,0
669221,"Murphy, Sean",2024,144.0,2.809962135,,,,2.809962135,1.37268021,-1.230758215,2.66804014,1782,1782,0,0,0,0,0,0,0
521692,"Perez, Salvador",2024,118.0,-0.465862871,0.0,0.0,0.0,-0.465862871,-0.4046077,0.42435447,-0.485609641,2295,2295,0,0,0,0,0,0,0
663743,"Fortes, Nick",2024,146.0,2.784742375,,,,2.784742375,-1.37301296,2.121069158,2.036686177,2592,2592,0,0,0,0,0,0,0
663757,"Grisham, Trent",2024,147.0,2.676939115,2.676939115,1.76688,0.910059115,0.0,,,,1456,0,0,0,0,0,0,1456,0
656775,"Mullins, Cedric",2024,110.0,2.51517331,2.51517331,3.11184,-0.59666669,0.0,,,,3270,0,0,0,0,0,0,3270,0
657557,"DeJong, Paul",2024,118.0,2.467290549,2.467290549,2.574558738,-0.107268188,0.0,,,,3175,0,0,0,985,2190,0,0,0
656577,"Jackson, Alex",2024,139.0,2.299200058,,,,2.299200058,3.86716854,-1.128065367,-0.439903115,1221,1221,0,0,0,0,0,0,0
682668,"Acuña, Luisangel",2024,121.0,2.26797158,2.26797158,2.26797158,,0.0,,,,287,0,0,18,0,269,0,0,0
596146,"Kepler, Max",2024,142.0,2.243513184,2.243513184,3.3165,-1.072986816,0.0,,,,2419,0,0,0,0,0,0,0,2419
686681,"Massey, Michael",2024,118.0,2.204198012,2.204198012,2.132442251,0.07175576,0.0,,,,1870,0,0,1870,0,0,0,0,0
667472,"Myers, Dane",2024,146.0,2.197137571,2.197137571,0.28053,1.916607571,0.0,,,,666,0,0,0,0,0,99,129,438
676801,"McCormick, Chas",2024,117.0,2.189945986,2.189945986,4.73058,-2.540634014,0.0,,,,1938,0,0,0,0,0,914,291,733
669016,"Marsh, Brandon",2024,143.0,2.171911805,2.171911805,-0.57546,2.747371805,0.0,,,,3116,0,0,0,0,0,2052,959,105
682626,"Alvarez, Francisco",2024,121.0,2.084658898,,,,2.084658898,7.164045745,-0.231363162,-4.848023686,2178,2178,0,0,0,0,0,0,0
543063,"Crawford, Brandon",2024,138.0,2.062637423,2.062637423,2.062637423,,0.0,,,,533,0,0,0,135,398,0,0,0
686482,"Driscoll, Logan",2024,139.0,2.036233203,,,,2.036233203,0.641659161,1.508515138,-0.113941096,279,279,0,0,0,0,0,0,0
553993,"Suárez, Eugenio",2024,109.0,2.025106065,2.025106065,2.025106065,,0.0,,,,4085,0,0,0,4085,0,0,0,0
666150,"Fletcher, Dominic",2024,145.0,2.018886923,2.018886923,1.61739,0.401496923,0.0,,,,1703,0,0,0,0,0,24,649,1030
608070,"Ramírez, José",2024,114.0,1.976376987,1.976376987,1.976376987,,0.0,,,,3324,0,0,0,3324,0,0,0,0
682985,"Greene, Riley",2024,116.0,1.943022634,1.943022634,1.98261,-0.039587366,0.0,,,,2745,0,0,0,0,0,2102,571,72
686469,"Pasquantino, Vinnie",2024,118.0,1.895067512,1.895067512,1.895067512,,0.0,,,,2679,0,2679,0,0,0,0,0,0
700242,"Sweeney, Trey",2024,116.0,1.88787511,1.88787511,1.869620525,0.018254585,0.0,,,,882,0,0,0,0,882,0,0,0
621311,"Dahl, David",2024,143.0,1.884424049,1.884424049,0.98559,0.898834049,0.0,,,,306,0,0,0,0,0,276,0,30
669208,"Bliss, Ryan",2024,136.0,1.837826116,1.837826116,1.837826116,,0.0,,,,531,0,0,531,0,0,0,0,0
681546,"Outman, James",2024,119.0,1.808373497,1.808373497,2.15919,-0.350816503,0.0,,,,1019,0,0,0,0,0,3,1013,3
656413,"Fairchild, Stuart",2024,113.0,1.790047239,1.790047239,3.8151,-2.025052761,0.0,,,,1578,0,0,0,0,0,58,1121,399
666163,"Rortvedt, Ben",2024,139.0,1.769577805,,,,1.769577805,2.103206539,-1.252087193,0.918458459,2340,2340,0,0,0,0,0,0,0
596115,"Story, Trevor",2024,111.0,1.627292408,1.627292408,1.637509827,-0.010217419,0.0,,,,683,0,0,0,0,683,0,0,0
663624,"Mountcastle, Ryan",2024,110.0,1.615281335,1.615281335,1.615281335,,0.0,,,,2944,0,2944,0,0,0,0,0,0
687363,"Scott II, Victor",2024,138.0,1.599995865,1.599995865,2.28141,-0.681414135,0.0,,,,1128,0,0,0,0,0,12,1086,30
641645,"Guillorme, Luis",2024,109.0,1.578423084,1.578423084,1.636976584,-0.058553499,0.0,,,,1315,0,0,925,279,111,0,0,0
645302,"Robles, Victor",2024,136.0,1.570978695,1.570978695,0.30942,1.261558695,0.0,,,,1850,0,0,0,0,0,309,796,745
693304,"Gonzales, Nick",2024,134.0,1.550655477,1.550655477,1.550655477,,0.0,,,,2419,0,0,2203,30,186,0,0,0
665487,"Tatis Jr., Fernando",2024,135.0,1.515083976,1.515083976,-1.14138,2.656463976,0.0,,,,2468,0,0,0,0,0,0,0,2468
669369,"Johnson, Bryce",2024,135.0,1.474668492,1.474668492,0.27792,1.196748492,0.0,,,,584,0,0,0,0,0,24,27,533
669200,"McCoy, Mason",2024,135.0,1.474061638,1.474061638,1.471937613,0.002124025,0.0,,,,431,0,0,0,0,431,0,0,0
578428,"Iglesias, Jose",2024,121.0,1.426921277,1.426921277,1.426921277,,0.0,,,,1875,0,0,1431,390,54,0,0,0
645305,"Sánchez, Ali",2024,146.0,1.423296067,,,,1.423296067,-0.581517737,0.494144743,1.510669061,732,732,0,0,0,0,0,0,0
666703,"Rosario, Eguy",2024,135.0,1.360002067,1.360002067,1.360002067,,0.0,,,,333,0,0,9,324,0,0,0,0
665953,"Chaparro, Andrés",2024,120.0,1.336171168,1.336171168,1.336171168,,0.0,,,,306,0,306,0,0,0,0,0,0
683146,"Baty, Brett",2024,121.0,1.330733784,1.330733784,1.330733784,,0.0,,,,1140,0,0,0,1140,0,0,0,0
683083,"Nuñez, Nasim",2024,120.0,1.328968885,1.328968885,1.328968885,,0.0,,,,637,0,0,6,0,631,0,0,0
663656,"Tucker, Kyle",2024,117.0,1.327072323,1.327072323,0.94635,0.380722323,0.0,,,,1778,0,0,0,0,0,0,0,1778
687462,"Horwitz, Spencer",2024,141.0,1.318536692,1.318536692,1.318536692,,0.0,,,,1766,0,902,864,0,0,0,0,0
671083,"Kennedy, Buddy",2024,143.0,1.298408479,1.298408479,1.050276215,0.248132263,0.0,,,,147,0,0,99,48,0,0,0,0
680869,"Gelof, Zack",2024,133.0,1.266491209,1.266491209,1.47937725,-0.212886041,0.0,,,,3629,0,0,3629,0,0,0,0,0
644433,"Tromp, Chadwick",2024,144.0,1.247896111,,,,1.247896111,0.521888101,0.925368214,-0.199360204,428,428,0,0,0,0,0,0,0
690993,"Keith, Colt",2024,116.0,1.239200674,1.239200674,1.413679174,-0.1744785,0.0,,,,3260,0,0,3260,0,0,0,0,0
674441,"Hurtubise, Jacob",2024,113.0,1.208462434,1.208462434,-0.62766,1.836122434,0.0,,,,441,0,0,0,0,0,414,0,27
501303,"Adrianza, Ehire",2024,108.0,1.206655369,1.206655369,1.206655369,,0.0,,,,180,0,0,54,126,0,0,0,0
686765,"Sogard, Nick",2024,111.0,1.191877009,1.191877009,1.191877009,,0.0,,,,616,0,0,297,166,153,0,0,0
642086,"Smith, Dominic",2024,113.0,1.183513126,1.183513126,1.177906936,0.00560619,0.0,,,,1839,0,1839,0,0,0,0,0,0
686554,"Dunn, Oliver",2024,158.0,1.166638016,1.166638016,1.166638016,,0.0,,,,468,0,3,6,459,0,0,0,0
623168,"Heineman, Tyler",2024,141.0,1.141721147,,,,1.141721147,0.268870235,0.952656112,-0.0798052,114,114,0,0,0,0,0,0,0
681624,"Pages, Andy",2024,119.0,1.13616287,1.13616287,0.71541,0.42075287,0.0,,,,2801,0,0,0,0,0,114,1998,689
640902,"Pereda, Jhonny",2024,146.0,1.103047798,0.0,0.0,0.0,1.103047798,-0.201646319,1.715494623,-0.410800506,297,297,0,0,0,0,0,0,0
640492,"Azocar, José",2024,135.0,1.128834912,1.128834912,0.88587,0.242964912,0.0,,,,677,0,0,0,0,0,392,261,24
681082,"Stott, Bryson",2024,143.0,1.118233332,1.118233332,0.798525139,0.319708194,0.0,,,,3604,0,0,3396,0,208,0,0,0
641487,"Crawford, J.P.",2024,136.0,1.052270861,1.052270861,0.656600653,0.395670208,0.0,,,,2684,0,0,0,0,2684,0,0,0
663697,"India, Jonathan",2024,113.0,1.035869484,1.035869484,0.938050866,0.097818618,0.0,,,,3411,0,0,3411,0,0,0,0,0
687952,"Encarnacion-Strand, Christian",2024,113.0,1.003592615,1.003592615,1.003592615,,0.0,,,,765,0,765,0,0,0,0,0,0
665561,"Marchán, Rafael",2024,143.0,0.993803729,,,,0.993803729,-0.382643626,0.901498279,0.474949076,387,387,0,0,0,0,0,0,0
624512,"McGuire, Reese",2024,111.0,0.980138756,,,,0.980138756,1.475163105,-0.0379727,-0.457051648,1084,1084,0,0,0,0,0,0,0
676701,"Trejo, Alan",2024,115.0,0.933755181,0.933755181,0.933755181,,0.0,,,,512,0,0,374,93,45,0,0,0
668853,"Shenton, Austin",2024,139.0,0.924622618,0.924622618,0.924622618,,0.0,,,,208,0,208,0,0,0,0,0,0
642851,"Wynns, Austin",2024,113.0,0.906709115,,,,0.906709115,-0.077695702,0.950389086,0.034015732,147,147,0,0,0,0,0,0,0
693307,"Dingler, Dillon",2024,116.0,0.902495243,,,,0.902495243,0.427999517,-0.434138375,0.908634102,641,641,0,0,0,0,0,0,0
683737,"Busch, Michael",2024,112.0,0.900723917,0.900723917,0.900723917,,0.0,,,,3452,0,3397,54,1,0,0,0,0
656484,"Gray, Tristan",2024,133.0,0.896766259,0.896766259,0.896766259,,0.0,,,,219,0,123,0,96,0,0,0,0
663967,"Salazar, César",2024,117.0,0.894212293,,,,0.894212293,0.658234713,0.516474352,-0.280496772,210,210,0,0,0,0,0,0,0
668904,"Lewis, Royce",2024,142.0,0.891978816,0.891978816,0.891978816,,0.0,,,,1259,0,0,24,1235,0,0,0,0
695238,"Wagner, Will",2024,141.0,0.881431085,0.881431085,0.881431085,,0.0,,,,525,0,9,516,0,0,0,0,0
666160,"Moniak, Mickey",2024,108.0,0.870879267,0.870879267,1.35063,-0.479750733,0.0,,,,2796,0,0,0,0,0,21,2400,375
678489,"Barrosa, Jorge",2024,109.0,0.868260037,0.868260037,0.89775,-0.029489963,0.0,,,,114,0,0,0,0,0,9,105,0
670092,"Brooks, Trenton",2024,137.0,0.848439874,0.848439874,0.848439874,,0.0,,,,202,0,202,0,0,0,0,0,0
519203,"Rizzo, Anthony",2024,147.0,0.801797766,0.801797766,0.58334719,0.218450575,0.0,,,,2404,0,2404,0,0,0,0,0,0
670276,"Stevenson, Cal",2024,143.0,0.796431851,0.796431851,0.3447,0.451731851,0.0,,,,177,0,0,0,0,0,9,144,24
676679,"Vazquez, Luis",2024,112.0,0.794790232,0.794790232,0.794790232,,0.0,,,,111,0,0,3,36,72,0,0,0
673995,"Wendzel, Davis",2024,140.0,0.771332364,0.771332364,0.771332364,,0.0,,,,341,0,3,6,332,0,0,0,0
666182,"Bichette, Bo",2024,141.0,0.760261096,0.760261096,0.754055328,0.006205768,0.0,,,,2053,0,0,0,0,2053,0,0,0
665052,"Conine, Griffin",2024,146.0,0.712436662,0.712436662,0.5112,0.201236662,0.0,,,,555,0,0,0,0,0,207,0,348
666018,"Aranda, Jonathan",2024,139.0,0.706963312,0.706963312,0.706963312,,0.0,,,,657,0,534,117,6,0,0,0,0
647304,"Naylor, Josh",2024,114.0,0.705495413,0.705495413,0.705495413,,0.0,,,,3615,0,3615,0,0,0,0,0,0
645444,"Herrera, Jose",2024,109.0,0.630859933,0.0,0.0,0.0,0.630859933,2.042240053,-0.947215912,-0.464164208,851,851,0,0,0,0,0,0,0
518692,"Freeman, Freddie",2024,119.0,0.689544199,0.689544199,0.819255165,-0.129710966,0.0,,,,3811,0,3811,0,0,0,0,0,0
657193,"Alvarez, Eddy",2024,121.0,0.666008054,0.666008054,0.666008054,,0.0,,,,111,0,0,93,0,18,0,0,0
671732,"Butler, Lawrence",2024,133.0,0.665238042,0.665238042,0.31608,0.349158042,0.0,,,,2878,0,0,0,0,0,0,12,2866
518595,"d'Arnaud, Travis",2024,144.0,0.651908094,,,,0.651908094,-0.429907231,0.434075515,0.64773981,2120,2120,0,0,0,0,0,0,0
694359,"Kavadas, Niko",2024,108.0,0.611681807,0.611681807,0.611681807,,0.0,,,,129,0,129,0,0,0,0,0,0
676946,"Batten, Matthew",2024,135.0,0.591380624,0.591380624,0.591380624,,0.0,,,,24,0,24,0,0,0,0,0,0
672744,"Canario, Alexander",2024,112.0,0.554111105,0.554111105,0.50265,0.051461105,0.0,,,,213,0,0,0,0,0,147,0,66
645801,"Ford, Mike",2024,113.0,0.541647952,0.541647952,0.541647952,,0.0,,,,51,0,51,0,0,0,0,0,0
656541,"Hilliard, Sam",2024,115.0,0.534946392,0.534946392,0.55305,-0.018103608,0.0,,,,1116,0,0,0,0,0,543,363,210
681460,"Baldwin, Brooks",2024,145.0,0.532582852,0.532582852,0.532562138,2.07146e-05,0.0,,,,843,0,0,615,0,228,0,0,0
623520,"Bote, David",2024,112.0,0.491200109,0.491200109,0.491200109,,0.0,,,,346,0,9,81,256,0,0,0,0
694362,"Dunn, Blake",2024,113.0,0.484890612,0.484890612,0.49419,-0.009299388,0.0,,,,225,0,0,0,0,0,147,51,27
518792,"Heyward, Jason",2024,117.0,0.449144822,0.449144822,1.81908,-1.369935178,0.0,,,,1740,0,0,0,0,0,168,21,1551
518735,"Grandal, Yasmani",2024,134.0,0.177808506,0.0,0.0,0.0,0.177808506,6.065141647,-6.469267745,0.581934604,1681,1681,0,0,0,0,0,0,0
664770,"Lukes, Nathan",2024,141.0,0.420759343,0.420759343,-1.00071,1.421469343,0.0,,,,519,0,0,0,0,0,267,78,174
672012,"Black, Tyler",2024,158.0,0.398654893,0.398654893,0.398654893,,0.0,,,,126,0,126,0,0,0,0,0,0
641856,"McKinney, Billy",2024,134.0,0.396275835,0.396275835,0.2448,0.151475835,0.0,,,,161,0,0,0,0,0,102,11,48
808982,"Lee, Jung Hoo",2024,137.0,0.386100909,0.386100909,0.00828,0.377820909,0.0,,,,920,0,0,0,0,0,0,920,0
605244,"Garcia, Aramis",2024,143.0,0.380187374,,,,0.380187374,-0.047170972,0.270688922,0.156669424,54,54,0,0,0,0,0,0,0
702616,"Holliday, Jackson",2024,110.0,0.379090511,0.379090511,0.380760622,-0.001670111,0.0,,,,1424,0,0,1379,0,45,0,0,0
686452,"Millas, Drew",2024,120.0,0.375394271,,,,0.375394271,-0.352129034,1.04667561,-0.319152305,444,444,0,0,0,0,0,0,0
607680,"Pillar, Kevin",2024,108.0,0.368413134,0.368413134,-0.918,1.286413134,0.0,,,,1823,0,0,0,0,0,404,1059,360
664314,"Florial, Estevan",2024,114.0,0.359510564,0.359510564,0.79902,-0.439509436,0.0,,,,432,0,0,0,0,0,234,27,171
695336,"Saggese, Thomas",2024,138.0,0.347085943,0.347085943,0.347085943,,0.0,,,,370,0,0,241,51,78,0,0,0
622110,"Duffy, Matt",2024,140.0,0.338114492,0.338114492,0.338114492,,0.0,,,,61,0,0,0,61,0,0,0,0
677941,"Adams, Jordyn",2024,108.0,0.32348527,0.32348527,0.41598,-0.09249473,0.0,,,,255,0,0,0,0,0,3,117,135
676070,"Amaya, Jacob",2024,145.0,0.320738272,0.320738272,0.322649244,-0.001910972,0.0,,,,562,0,0,6,0,556,0,0,0
642715,"Adames, Willy",2024,158.0,0.312009604,0.312009604,0.295873909,0.016135695,0.0,,,,4219,0,0,0,0,4219,0,0,0
670224,"Misner, Kameron",2024,139.0,0.29318389,0.29318389,0.35082,-0.05763611,0.0,,,,105,0,0,0,0,0,57,48,0
691011,"Romo, Drew",2024,115.0,0.288733228,,,,0.288733228,0.592576263,-0.578000567,0.274157532,345,345,0,0,0,0,0,0,0
541645,"García, Avisaíl",2024,146.0,0.276036123,0.276036123,0.92835,-0.652313877,0.0,,,,342,0,0,0,0,0,0,0,342
660162,"Moncada, Yoán",2024,145.0,0.275938285,0.275938285,0.275938285,,0.0,,,,258,0,0,0,258,0,0,0,0
670869,"Soto, Livan",2024,110.0,0.272842895,0.272842895,0.272842895,,0.0,,,,117,0,0,96,15,6,0,0,0
682634,"Alcántara, Kevin",2024,112.0,0.262478664,0.262478664,0.01323,0.249248664,0.0,,,,78,0,0,0,0,0,0,0,78
664058,"Fletcher, David",2024,144.0,0.258419815,0.258419815,0.258419815,,0.0,,,,84,0,0,84,0,0,0,0,0
660636,"Castillo, Diego A.",2024,142.0,0.227695608,0.227695608,0.227695608,,0.0,,,,45,0,0,0,45,0,0,0,0
572761,"Carpenter, Matt",2024,138.0,0.214385728,0.214385728,0.214385728,,0.0,,,,42,0,30,3,9,0,0,0,0
669087,"Huff, Sam",2024,140.0,0.198201504,,,,0.198201504,0.040067597,,0.158133906,33,33,0,0,0,0,0,0,0
593934,"Sanó, Miguel",2024,108.0,0.162921669,0.162921669,0.162921669,,0.0,,,,408,0,87,0,321,0,0,0,0
676113,"DeLoach, Zach",2024,145.0,0.159281397,0.159281397,-0.69552,0.854801397,0.0,,,,416,0,0,0,0,0,141,37,238
621458,"Ríos, Edwin",2024,113.0,0.152736413,0.152736413,0.152736413,,0.0,,,,51,0,51,0,0,0,0,0,0
669450,"Hummel, Cooper",2024,117.0,0.15075517,0.15075517,0.15066,9.51703e-05,0.0,,,,30,0,0,0,0,0,30,0,0
672701,"Devers, José",2024,146.0,0.147607818,0.147607818,0.147607818,,0.0,,,,28,0,1,27,0,0,0,0,0
691182,"Amador, Adael",2024,115.0,0.137809068,0.137809068,0.137809068,,0.0,,,,255,0,0,255,0,0,0,0,0
679881,"Martínez, J.P.",2024,144.0,0.133947027,0.133947027,0.13248,0.001467027,0.0,,,,60,0,0,0,0,0,6,24,30
680911,"Miller, Owen",2024,158.0,0.109938065,0.109938065,0.109938065,,0.0,,,,159,0,132,9,18,0,0,0,0
661531,"Serven, Brian",2024,141.0,0.10183173,,,,0.10183173,-0.540214595,0.513511519,0.128534805,546,546,0,0,0,0,0,0,0
687799,"Marlowe, Cade",2024,136.0,0.091429369,0.091429369,0.1107,-0.019270631,0.0,,,,63,0,0,0,0,0,0,18,45
675659,"Jones, Greg",2024,115.0,0.083240352,0.083240352,0.01602,0.067220352,0.0,,,,45,0,0,0,0,0,0,0,45
606992,"Haase, Eric",2024,158.0,0.080032034,,,,0.080032034,0.621404335,-0.786300812,0.244928511,454,454,0,0,0,0,0,0,0
680577,"Keirsey Jr., DaShawn",2024,142.0,0.069048075,0.069048075,-0.10629,0.175338075,0.0,,,,108,0,0,0,0,0,3,105,0
673357,"Robert Jr., Luis",2024,145.0,0.067226079,0.067226079,1.26774,-1.200513921,0.0,,,,2486,0,0,0,0,0,0,2486,0
664059,"Haggerty, Sam",2024,136.0,0.063973657,0.063973657,-0.75789,0.821863657,0.0,,,,144,0,0,0,0,0,135,0,9
666152,"Hamilton, David",2024,111.0,0.052206363,0.052206363,0.048046777,0.004159585,0.0,,,,2099,0,0,800,0,1299,0,0,0
669352,"Thompson, Bubba",2024,113.0,0.049839289,0.049839289,-0.42975,0.479589289,0.0,,,,156,0,0,0,0,0,0,156,0
663550,"Cabbage, Trey",2024,117.0,0.046106462,0.046106462,-0.11502,0.161126462,0.0,,,,625,0,0,0,0,0,141,0,484
665155,"Maton, Nick",2024,110.0,0.043522296,0.043522296,0.043522296,,0.0,,,,48,0,0,6,42,0,0,0,0
669392,"Taylor, Samad",2024,136.0,0.036141988,0.036141988,0.01827,0.017871988,0.0,,,,34,0,0,0,0,0,28,6,0
660670,"Acuña Jr., Ronald",2024,144.0,0.025170161,0.025170161,-1.52307,1.548240161,0.0,,,,1284,0,0,0,0,0,0,0,1284
694355,"Gentry, Tyler",2024,118.0,0.023641358,0.023641358,0.02349,0.000151358,0.0,,,,42,0,0,0,0,0,0,0,42
542364,"Ortega, Rafael",2024,145.0,0.016140208,0.016140208,0.02133,-0.005189792,0.0,,,,150,0,0,0,0,0,0,144,6
660758,"Fabian, Sandro",2024,140.0,0.015827117,0.015827117,0.00459,0.011237117,0.0,,,,39,0,0,0,0,0,36,0,3
676896,"Roller, Chris",2024,158.0,0.01143,0.01143,0.01143,,0.0,,,,9,0,0,0,0,0,0,9,0
621529,"Hudson, Joe",2024,,0.010261215,,,,0.010261215,-8.07675e-05,,0.010341982,3,3,0,0,0,0,0,0,0
668843,"Capel, Conner",2024,113.0,0.00918,0.00918,0.00918,,0.0,,,,18,0,0,0,0,0,18,0,0
663604,"Lockridge, Brandon",2024,135.0,0.009133994,0.009133994,0.26505,-0.255916006,0.0,,,,102,0,0,0,0,0,24,27,51
670223,"Mervis, Matt",2024,112.0,0.0,,,,0.0,,,,1,0,1,0,0,0,0,0,0
665856,"Camargo, Jair",2024,142.0,-0.002741172,,,,-0.002741172,-0.002924341,,0.000183169,3,3,0,0,0,0,0,0,0
807799,"Yoshida, Masataka",2024,111.0,-0.003135302,-0.003135302,-0.00198,-0.001155302,0.0,,,,3,0,0,0,0,0,3,0,0
641584,"Fraley, Jake",2024,113.0,-0.003485434,-0.003485434,0.02592,-0.029405434,0.0,,,,2330,0,0,0,0,0,93,9,2228
623912,"Ramírez, Harold",2024,120.0,-0.006739196,-0.006739196,0.47385,-0.480589196,0.0,,,,129,0,0,0,0,0,57,0,72
663616,"Larnach, Trevor",2024,142.0,-0.008825246,-0.008825246,1.37592,-1.384745246,0.0,,,,1287,0,0,0,0,0,1113,0,174
605361,"Martini, Nick",2024,113.0,-0.02656863,-0.02656863,0.52416,-0.55072863,0.0,,,,300,0,0,0,0,0,147,0,153
681962,"Capra, Vinny",2024,158.0,-0.029567545,-0.029567545,-0.029567545,,0.0,,,,69,0,0,0,54,15,0,0,0
650391,"Jiménez, Eloy",2024,110.0,-0.04216208,-0.04216208,0.00459,-0.04675208,0.0,,,,24,0,0,0,0,0,0,0,24
679822,"Foscue, Justin",2024,140.0,-0.049624681,-0.049624681,-0.049624681,,0.0,,,,33,0,24,9,0,0,0,0,0
667428,"Koch, Grant",2024,134.0,-0.053021506,,,,-0.053021506,-0.013302656,,-0.039718849,48,48,0,0,0,0,0,0,0
672724,"Peraza, Oswald",2024,147.0,-0.06146888,-0.06146888,-0.06146888,,0.0,,,,93,0,0,0,93,0,0,0,0
668709,"Bleday, JJ",2024,133.0,-0.061967415,-0.061967415,-3.13641,3.074442585,0.0,,,,3885,0,0,0,0,0,0,3885,0
641511,"Delay, Jason",2024,134.0,-0.063441314,,,,-0.063441314,-0.103659983,0.34993343,-0.309714761,138,138,0,0,0,0,0,0,0
664702,"Straw, Myles",2024,114.0,-0.0717584,-0.0717584,-0.04473,-0.0270284,0.0,,,,42,0,0,0,0,0,0,42,0
675961,"Williams, Alika",2024,134.0,-0.072673623,-0.072673623,-0.072673623,,0.0,,,,722,0,0,418,0,304,0,0,0
700932,"Manzardo, Kyle",2024,114.0,-0.076102752,-0.076102752,-0.076102752,,0.0,,,,72,0,72,0,0,0,0,0,0
665966,"Narvaez, Carlos",2024,147.0,-0.083411742,,,,-0.083411742,-0.159481168,-0.281898096,0.357967522,105,105,0,0,0,0,0,0,0
668939,"Rutschman, Adley",2024,110.0,-0.106254721,,,,-0.106254721,-3.468985966,0.857439955,2.50529129,2647,2647,0,0,0,0,0,0,0
682729,"Clase, Jonatan",2024,141.0,-0.123229845,-0.123229845,0.3087,-0.431929845,0.0,,,,483,0,0,0,0,0,315,168,0
665782,"De Los Santos, Luis",2024,141.0,-0.132739391,-0.132739391,-0.132739391,,0.0,,,,223,0,10,0,213,0,0,0,0
502671,"Goldschmidt, Paul",2024,138.0,-0.152751419,-0.152751419,-0.152751419,,0.0,,,,3939,0,3939,0,0,0,0,0,0
672761,"Pérez, Wenceel",2024,116.0,-0.1535908,-0.1535908,3.2022,-3.3557908,0.0,,,,2539,0,0,0,0,0,60,538,1941
669288,"Johnson, Daniel",2024,110.0,-0.159140449,-0.159140449,0.00459,-0.163730449,0.0,,,,3,0,0,0,0,0,0,0,3
676439,"Feduccia, Hunter",2024,119.0,-0.184824596,,,,-0.184824596,0.068315926,-0.167255566,-0.085884956,84,84,0,0,0,0,0,0,0
592518,"Machado, Manny",2024,135.0,-0.185883033,-0.185883033,-0.180769301,-0.005113732,0.0,,,,2621,0,0,0,2621,0,0,0,0
493329,"Gurriel, Yuli",2024,118.0,-0.195054865,-0.195054865,-0.195054865,,0.0,,,,303,0,303,0,0,0,0,0,0
571970,"Muncy, Max",2024,119.0,-0.19991478,-0.19991478,-0.19991478,,0.0,,,,1807,0,0,0,1807,0,0,0,0
542963,"Brantly, Rob",2024,139.0,-0.207626771,,,,-0.207626771,-0.004970541,-0.326516304,0.123860074,77,77,0,0,0,0,0,0,0
664040,"Lowe, Brandon",2024,139.0,-0.214497415,-0.214497415,-0.155943915,-0.058553499,0.0,,,,1666,0,288,1378,0,0,0,0,0
666197,"Kessinger, Grae",2024,117.0,-0.225629187,-0.225629187,-0.225629187,,0.0,,,,174,0,18,39,81,36,0,0,0
663905,"Blankenhorn, Travis",2024,120.0,-0.228710568,-0.228710568,-0.26937,0.040659432,0.0,,,,48,0,0,0,0,0,0,0,48
664874,"Zavala, Seby",2024,136.0,-0.246916983,,,,-0.246916983,0.173217487,-0.255776211,-0.16435826,363,363,0,0,0,0,0,0,0
656896,"Rivera, Emmanuel",2024,110.0,-0.254718878,-0.254718878,-0.254718878,,0.0,,,,2133,0,300,0,1833,0,0,0,0
596103,"Slater, Austin",2024,110.0,-0.255979343,-0.255979343,-0.33408,0.078100657,0.0,,,,1243,0,0,0,0,0,468,180,595
682988,"Locklear, Tyler",2024,136.0,-0.30718679,-0.30718679,-0.30718679,,0.0,,,,336,0,336,0,0,0,0,0,0
641943,"Palacios, Joshua",2024,134.0,-0.335612913,-0.335612913,0.37809,-0.713702913,0.0,,,,489,0,0,0,0,0,87,45,357
642020,"Robinson, Chuckie",2024,145.0,-0.340971692,,,,-0.340971692,0.563495571,-1.151953145,0.247485881,579,579,0,0,0,0,0,0,0
592663,"Realmuto, J.T.",2024,143.0,-0.364318468,,,,-0.364318468,-2.521853231,2.658811446,-0.501276682,2614,2614,0,0,0,0,0,0,0
681508,"Gasper, Mickey",2024,111.0,-0.365248215,-0.365248215,-0.365190231,-5.79847e-05,0.0,,,,96,0,6,90,0,0,0,0,0
575929,"Contreras, Willson",2024,138.0,-0.379872007,,,,-0.379872007,-1.918899352,0.860341794,0.678685551,1295,1295,0,0,0,0,0,0,0
660821,"Sánchez, Jesús",2024,146.0,-0.397047072,-0.397047072,0.39906,-0.796107072,0.0,,,,2803,0,0,0,0,0,180,0,2623
679529,"Torkelson, Spencer",2024,116.0,-0.413700126,-0.413700126,-0.424468299,0.010768173,0.0,,,,2399,0,2399,0,0,0,0,0,0
671221,"Waters, Drew",2024,118.0,-0.421061591,-0.421061591,-0.14004,-0.281021591,0.0,,,,135,0,0,0,0,0,54,0,81
666211,"Trammell, Taylor",2024,147.0,-0.449351706,-0.449351706,-0.52083,0.071478294,0.0,,,,64,0,0,0,0,0,43,0,21
596117,"Stubbs, Garrett",2024,143.0,-0.463476283,,,,-0.463476283,-2.185171382,1.915788702,-0.194093602,1273,1273,0,0,0,0,0,0,0
677956,"Hinds, Rece",2024,113.0,-0.463671464,-0.463671464,0.37935,-0.843021464,0.0,,,,345,0,0,0,0,0,12,18,315
693049,"Colás, Oscar",2024,145.0,-0.482384325,-0.482384325,-0.37665,-0.105734325,0.0,,,,226,0,0,0,0,0,0,75,151
669326,"Teodosio, Bryce",2024,108.0,-0.490962836,-0.490962836,0.07101,-0.561972836,0.0,,,,87,0,0,0,0,0,0,87,0
545361,"Trout, Mike",2024,108.0,-0.499081169,-0.499081169,0.21636,-0.715441169,0.0,,,,609,0,0,0,0,0,0,609,0
527038,"Flores, Wilmer",2024,137.0,-0.505088591,-0.505088591,-0.505088591,,0.0,,,,1201,0,1159,0,42,0,0,0,0
669374,"Hiura, Keston",2024,108.0,-0.508278122,-0.508278122,-0.508278122,,0.0,,,,99,0,0,99,0,0,0,0,0
694497,"Carter, Evan",2024,140.0,-0.517841936,-0.517841936,-0.86688,0.349038064,0.0,,,,993,0,0,0,0,0,768,51,174
668731,"Baddoo, Akil",2024,116.0,-0.530105108,-0.530105108,0.34659,-0.876695108,0.0,,,,566,0,0,0,0,0,471,20,75
630105,"Cronenworth, Jake",2024,135.0,-0.535351702,-0.535351702,-0.411035827,-0.124315875,0.0,,,,3880,0,2146,1734,0,0,0,0,0
666165,"Sabol, Blake",2024,137.0,-0.556970648,,,,-0.556970648,0.272755222,-0.869094275,0.039368405,195,195,0,0,0,0,0,0,0
665120,"Walsh, Jared",2024,140.0,-0.561037292,-0.561037292,-0.561037292,,0.0,,,,378,0,378,0,0,0,0,0,0
688363,"Pauley, Graham",2024,135.0,-0.562619878,-0.562619878,-0.562619878,,0.0,,,,103,0,6,0,97,0,0,0,0
668800,"Knizner, Andrew",2024,140.0,-0.571029707,,,,-0.571029707,2.278172175,-2.467277679,-0.381924203,717,717,0,0,0,0,0,0,0
683002,"Henderson, Gunnar",2024,110.0,-0.594280459,-0.594280459,-0.696364074,0.102083616,0.0,,,,4152,0,0,0,0,4152,0,0,0
457759,"Turner, Justin",2024,136.0,-0.603335908,-0.603335908,-0.603335908,,0.0,,,,1079,0,980,0,99,0,0,0,0
595284,"Knapp, Andrew",2024,137.0,-0.604033178,,,,-0.604033178,-0.065325878,-0.388887811,-0.149819489,51,51,0,0,0,0,0,0,0
686894,"Wiemer, Joey",2024,113.0,-0.611533485,-0.611533485,-0.93528,0.323746515,0.0,,,,223,0,0,0,0,0,184,27,12
672695,"Perdomo, Geraldo",2024,109.0,-0.618274263,-0.618274263,-0.892328942,0.274054679,0.0,,,,2548,0,0,0,0,2548,0,0,0
676551,"Hicklen, Brewer",2024,158.0,-0.624806971,-0.624806971,-0.41796,-0.206846971,0.0,,,,36,0,0,0,0,0,0,0,36
670623,"Paredes, Isaac",2024,112.0,-0.626759447,-0.626759447,-0.626759447,,0.0,,,,3685,0,363,0,3322,0,0,0,0
663609,"Baker, Luken",2024,138.0,-0.627747469,-0.627747469,-0.627747469,,0.0,,,,9,0,9,0,0,0,0,0,0
649557,"Díaz, Aledmys",2024,117.0,-0.655978775,-0.655978775,-0.655978775,,0.0,,,,253,0,76,33,21,123,0,0,0
595879,"Báez, Javier",2024,116.0,-0.664671236,-0.664671236,-0.662684736,-0.0019865,0.0,,,,2017,0,0,0,0,2017,0,0,0
664901,"Mendick, Danny",2024,145.0,-0.669250824,-0.669250824,-0.669250824,,0.0,,,,923,0,0,295,628,0,0,0,0
681481,"Carpenter, Kerry",2024,116.0,-0.672904223,-0.672904223,-0.17514,-0.497764223,0.0,,,,1019,0,0,0,0,0,75,0,944
686780,"Pagés, Pedro",2024,138.0,-0.68314985,,,,-0.68314985,0.790456375,-2.130920524,0.6573143,1631,1628,3,0,0,0,0,0,0
457705,"McCutchen, Andrew",2024,134.0,-0.684040014,-0.684040014,-0.3789,-0.305140014,0.0,,,,63,0,0,0,0,0,0,0,63
682619,"Martinez, Orelvis",2024,141.0,-0.687867177,-0.687867177,-0.687867177,,0.0,,,,24,0,0,24,0,0,0,0,0
543305,"Hicks, Aaron",2024,108.0,-0.689152751,-0.689152751,-0.9324,0.243247249,0.0,,,,260,0,0,0,0,0,33,41,186
656537,"Hill, Derek",2024,146.0,-0.693066717,-0.693066717,-0.30078,-0.392286717,0.0,,,,999,0,0,0,0,0,318,564,117
656883,"Reetz, Jakson",2024,137.0,-0.733048732,,,,-0.733048732,0.170018357,-0.992690358,0.089623268,114,114,0,0,0,0,0,0,0
700250,"Rice, Ben",2024,147.0,-0.000592456,0.0,0.0,0.0,-0.000592456,-0.000592456,,,3,3,0,0,0,0,0,0,0
681584,"Villar, David",2024,137.0,-0.795838769,-0.795838769,-0.795838769,,0.0,,,,258,0,258,0,0,0,0,0,0
657088,"Wall, Forrest",2024,146.0,-0.825279923,-0.825279923,0.47124,-1.296519923,0.0,,,,279,0,0,0,0,0,258,0,21
805373,"Alvarez Jr., Nacho",2024,144.0,-0.848568584,-0.848568584,-0.848568584,,0.0,,,,212,0,0,185,27,0,0,0,0
677950,"Thomas, Alek",2024,109.0,-0.900517874,-0.900517874,-0.63261,-0.267907874,0.0,,,,711,0,0,0,0,0,0,711,0
645277,"Albies, Ozzie",2024,144.0,-0.922015898,-0.922015898,-0.93703818,0.015022282,0.0,,,,2627,0,0,2627,0,0,0,0,0
681146,"Bride, Jonah",2024,146.0,-0.935936956,-0.935936956,-0.935936956,,0.0,,,,1193,0,917,36,240,0,0,0,0
596142,"Sánchez, Gary",2024,158.0,-1.51412495,0.0,0.0,0.0,-1.51412495,-1.085786847,0.099685319,-0.528023422,704,704,0,0,0,0,0,0,0
607054,"Peterson, Jace",2024,109.0,-0.941202216,-0.941202216,-0.882648716,-0.058553499,0.0,,,,150,0,0,42,27,81,0,0,0
671056,"Herrera, Iván",2024,138.0,-0.951388862,,,,-0.951388862,0.490653119,-2.264360107,0.822318126,1409,1409,0,0,0,0,0,0,0
695391,"Harris, Brett",2024,133.0,-0.974162078,-0.974162078,-0.960551364,-0.013610714,0.0,,,,840,0,0,0,840,0,0,0,0
677008,"Kjerstad, Heston",2024,110.0,-0.983506185,-0.983506185,-0.22275,-0.760756185,0.0,,,,405,0,0,0,0,0,252,0,153
678894,"Peguero, Liover",2024,134.0,-1.0109894,-1.0109894,-1.0109894,,0.0,,,,78,0,0,0,0,78,0,0,0
672569,"Campero, Gustavo",2024,108.0,-1.056595647,-1.056595647,-0.32472,-0.731875647,0.0,,,,325,0,0,0,0,0,3,0,322
656941,"Schwarber, Kyle",2024,143.0,-1.063847424,-1.063847424,-0.52092,-0.542927424,0.0,,,,123,0,0,0,0,0,123,0,0
664023,"Happ, Ian",2024,112.0,-1.067964254,-1.067964254,-1.40247,0.334505746,0.0,,,,3745,0,0,0,0,0,3745,0,0
691406,"Caminero, Junior",2024,139.0,-1.075059417,-1.075059417,-1.075059417,,0.0,,,,1012,0,33,0,979,0,0,0,0
664954,"Sullivan, Brett",2024,135.0,-1.120377712,,,,-1.120377712,-0.290721094,-0.963832774,0.134176156,117,111,6,0,0,0,0,0,0
669743,"Call, Alex",2024,120.0,-1.177822845,-1.177822845,1.06146,-2.239282845,0.0,,,,715,0,0,0,0,0,15,60,640
687597,"Beck, Jordan",2024,115.0,-1.194368478,-1.194368478,-1.9827,0.788331522,0.0,,,,1333,0,0,0,0,0,934,57,342
607043,"Nimmo, Brandon",2024,121.0,-1.210131548,-1.210131548,0.6633,-1.873431548,0.0,,,,3759,0,0,0,0,0,3327,432,0
691723,"Mayo, Coby",2024,110.0,-1.265609288,-1.265609288,-1.218713568,-0.04689572,0.0,,,,264,0,60,0,204,0,0,0,0
665742,"Soto, Juan",2024,147.0,-1.273382413,-1.273382413,-3.97008,2.696697587,0.0,,,,3988,0,0,0,0,0,156,0,3832
671213,"Casas, Triston",2024,111.0,-1.27551589,-1.27551589,-1.27551589,,0.0,,,,1536,0,1536,0,0,0,0,0,0
661388,"Contreras, William",2024,158.0,-1.306445337,,,,-1.306445337,-0.215933885,-0.742356477,-0.348154974,3180,3180,0,0,0,0,0,0,0
694175,"León, Pedro",2024,117.0,-1.313751039,-1.313751039,-0.76302,-0.550731039,0.0,,,,164,0,0,0,0,0,0,0,164
680118,"Blanco, Dairon",2024,118.0,-1.333319251,-1.333319251,-1.52604,0.192720749,0.0,,,,997,0,0,0,0,0,554,205,238
542194,"Bethancourt, Christian",2024,112.0,-1.361847938,,,,-1.361847938,-3.806244724,2.876877326,-0.43248054,1153,1153,0,0,0,0,0,0,0
686527,"Canzone, Dominic",2024,136.0,-1.40524635,-1.40524635,0.25875,-1.66399635,0.0,,,,1262,0,0,0,0,0,404,0,858
621563,"Wendle, Joey",2024,121.0,-1.441796508,-1.441796508,-1.441796508,,0.0,,,,294,0,0,168,78,48,0,0,0
669699,"Shewmake, Braden",2024,145.0,-1.459539252,-1.459539252,-1.459539252,,0.0,,,,534,0,0,156,177,201,0,0,0
594807,"Duvall, Adam",2024,144.0,-1.495954949,-1.495954949,1.02861,-2.524564949,0.0,,,,2055,0,0,0,0,0,885,0,1170
622268,"Walton, Donovan",2024,137.0,-1.497425346,-1.497425346,-1.497425346,,0.0,,,,185,0,0,185,0,0,0,0,0
543685,"Rendon, Anthony",2024,108.0,-1.527479646,-1.527479646,-1.527479646,,0.0,,,,1269,0,0,0,1269,0,0,0,0
669397,"Allen, Nick",2024,133.0,-1.552487686,-1.552487686,-1.747668394,0.195180707,0.0,,,,808,0,0,6,87,715,0,0,0
681351,"O'Hoppe, Logan",2024,108.0,-1.565947017,,,,-1.565947017,-1.615908382,-0.261524054,0.311485419,3193,3193,0,0,0,0,0,0,0
592273,"Drury, Brandon",2024,108.0,-1.572521598,-1.572521598,-1.572521598,,0.0,,,,1970,0,296,1305,369,0,0,0,0
687231,"Hernaiz, Darell",2024,133.0,-1.592120468,-1.592120468,-1.592120468,,0.0,,,,1017,0,0,33,585,399,0,0,0
687093,"Grissom, Vaughn",2024,111.0,-1.595099112,-1.595099112,-1.594657834,-0.000441278,0.0,,,,735,0,0,735,0,0,0,0,0
671286,"Rodriguez, Johnathan",2024,114.0,-1.601340099,-1.601340099,-2.60541,1.004069901,0.0,,,,231,0,0,0,0,0,6,0,225
608841,"Meneses, Joey",2024,120.0,-1.602973689,-1.602973689,-1.602973689,,0.0,,,,1295,0,1295,0,0,0,0,0,0
677870,"Jiménez, Leo",2024,141.0,-1.606860318,-1.606860318,-1.609945126,0.003084808,0.0,,,,1471,0,0,500,0,971,0,0,0
686797,"Lee, Brooks",2024,142.0,-1.637531135,-1.637531135,-1.74446151,0.106930376,0.0,,,,1113,0,0,198,291,624,0,0,0
641313,"Anderson, Tim",2024,146.0,-1.652493006,-1.652493006,-1.573863194,-0.078629812,0.0,,,,1612,0,0,0,0,1612,0,0,0
605131,"Barnes, Austin",2024,119.0,-1.674063808,,,,-1.674063808,-0.082093252,-2.79879083,1.206820273,1106,1099,0,7,0,0,0,0,0
657656,"Laureano, Ramón",2024,144.0,-1.688296391,-1.688296391,-5.64201,3.953713609,0.0,,,,2026,0,0,0,0,0,630,231,1165
641598,"Garver, Mitch",2024,136.0,-1.728979827,,,,-1.728979827,-2.290253083,0.295333972,0.265939283,570,570,0,0,0,0,0,0,0
670097,"Short, Zack",2024,144.0,-1.739340199,-1.739340199,-1.739340199,,0.0,,,,643,0,0,58,441,144,0,0,0
453568,"Blackmon, Charlie",2024,115.0,-1.746685807,-1.746685807,-1.35486,-0.391825807,0.0,,,,557,0,0,0,0,0,0,3,554
668752,"Ellis, Duke",2024,147.0,-1.808879651,-1.808879651,-1.53918,-0.269699651,0.0,,,,63,0,0,0,0,0,24,36,3
680769,"Alexander, CJ",2024,118.0,-1.809296949,-1.809296949,-1.809296949,,0.0,,,,75,0,0,0,75,0,0,0,0
805779,"Wilson, Jacob",2024,133.0,-1.877975549,-1.877975549,-1.864655091,-0.013320458,0.0,,,,708,0,0,0,0,708,0,0,0
691176,"Domínguez, Jasson",2024,147.0,-1.880415664,-1.880415664,-2.35791,0.477494336,0.0,,,,419,0,0,0,0,0,314,105,0
672284,"Kelenic, Jarred",2024,144.0,-1.89068545,-1.89068545,-3.06432,1.17363455,0.0,,,,3000,0,0,0,0,0,1726,1268,6
676369,"Velázquez, Nelson",2024,118.0,-1.897099309,-1.897099309,-1.09665,-0.800449309,0.0,,,,420,0,0,0,0,0,174,0,246
702358,"Lipscomb, Trey",2024,120.0,-1.914967075,-1.914967075,-1.972128403,0.057161328,0.0,,,,1489,0,70,45,1374,0,0,0,0
641779,"Leblanc, Charles",2024,108.0,-1.919103532,-1.919103532,-1.919103532,,0.0,,,,162,0,27,57,78,0,0,0,0
607208,"Turner, Trea",2024,143.0,-1.939440312,-1.939440312,-2.280826581,0.341386269,0.0,,,,3056,0,0,0,0,3056,0,0,0
660844,"Rivas, Leo",2024,136.0,-1.942217481,-1.942217481,-1.942217481,,0.0,,,,657,0,0,111,6,540,0,0,0
595909,"Cave, Jake",2024,115.0,-1.949216674,-1.949216674,-1.43028,-0.518936674,0.0,,,,2372,0,0,0,0,0,605,129,1638
592885,"Yelich, Christian",2024,158.0,-1.974012573,-1.974012573,-2.23911,0.265097427,0.0,,,,1207,0,0,0,0,0,1207,0,0
663630,"McKenna, Ryan",2024,137.0,-1.993997491,-1.993997491,-1.62477,-0.369227491,0.0,,,,126,0,0,0,0,0,30,45,51
666176,"Adell, Jo",2024,108.0,-2.022153426,-2.022153426,0.5535,-2.575653426,0.0,,,,3107,0,0,0,0,0,0,102,3005
663457,"Nootbaar, Lars",2024,138.0,-2.022970631,-2.022970631,0.83214,-2.855110631,0.0,,,,2589,0,0,0,0,0,699,354,1536
660766,"Yepez, Juan",2024,120.0,-2.046839028,-2.046839028,-2.039957829,-0.006881199,0.0,,,,1195,0,1195,0,0,0,0,0,0
669477,"Schmitt, Casey",2024,137.0,-2.069909168,-2.069909168,-2.069909168,,0.0,,,,801,0,0,360,179,262,0,0,0
701305,"Dezenzo, Zach",2024,117.0,-2.081835714,-2.081835714,-2.081835714,,0.0,,,,327,0,306,0,21,0,0,0,0
670764,"Walls, Taylor",2024,139.0,-2.093265414,-2.093265414,-2.100353428,0.007088014,0.0,,,,1876,0,0,0,0,1876,0,0,0
677347,"Paris, Kyren",2024,108.0,-2.093962125,-2.093962125,-2.10316937,0.009207245,0.0,,,,438,0,0,398,0,40,0,0,0
547989,"Abreu, José",2024,117.0,-2.10413833,-2.10413833,-2.10413833,,0.0,,,,826,0,826,0,0,0,0,0,0
665923,"Ruiz, Esteury",2024,133.0,-2.107707548,-2.107707548,-1.7505,-0.357207548,0.0,,,,423,0,0,0,0,0,284,139,0
667670,"Rooker, Brent",2024,133.0,-2.139261576,-2.139261576,-2.24946,0.110198424,0.0,,,,307,0,0,0,0,0,217,0,90
680728,"Del Castillo, Adrian",2024,109.0,-2.170499855,,,,-2.170499855,-1.038593663,-1.056911902,-0.07499429,539,539,0,0,0,0,0,0,0
650907,"Pinto, René",2024,139.0,-2.1798868,,,,-2.1798868,-0.642456773,-0.93020282,-0.607227206,405,405,0,0,0,0,0,0,0
691016,"Soderstrom, Tyler",2024,133.0,0.020101416,0.0,0.0,0.0,0.020101416,-0.020595513,,0.040696929,12,12,0,0,0,0,0,0,0
663898,"Rodgers, Brendan",2024,115.0,-2.206154166,-2.206154166,-2.048671772,-0.157482394,0.0,,,,3279,0,0,3279,0,0,0,0,0
683021,"Stefanic, Michael",2024,108.0,-2.225138696,-2.225138696,-2.278301834,0.053163138,0.0,,,,790,0,0,769,21,0,0,0,0
650490,"Díaz, Yandy",2024,139.0,-2.227983303,-2.227983303,-2.227983303,,0.0,,,,2869,0,2869,0,0,0,0,0,0
690291,"Jung, Jace",2024,116.0,-2.232353093,-2.232353093,-2.423799594,0.191446501,0.0,,,,573,0,0,3,570,0,0,0,0
670242,"Wallner, Matt",2024,142.0,-2.23366785,-2.23366785,-2.63772,0.40405215,0.0,,,,1272,0,0,0,0,0,469,0,803
456781,"Solano, Donovan",2024,135.0,-2.252379344,-2.252379344,-2.252379344,,0.0,,,,1264,0,501,9,754,0,0,0,0
681807,"Fry, David",2024,114.0,-0.791752925,0.0,0.0,0.0,-0.791752925,0.602692533,-0.825783667,-0.568661791,396,396,0,0,0,0,0,0,0
682868,"Ramos, Bryan",2024,145.0,-2.293780122,-2.293780122,-2.293780122,,0.0,,,,501,0,0,0,501,0,0,0,0
643565,"Tauchman, Mike",2024,112.0,-2.336193371,-2.336193371,-0.81603,-1.520163371,0.0,,,,1563,0,0,0,0,0,300,189,1074
665161,"Peña, Jeremy",2024,117.0,-2.341440302,-2.341440302,-2.033280428,-0.308159874,0.0,,,,4164,0,0,0,0,4164,0,0,0
673548,"Suzuki, Seiya",2024,112.0,-2.372809822,-2.372809822,-2.9889,0.616090178,0.0,,,,1875,0,0,0,0,0,30,0,1845
680779,"Davis, Henry",2024,134.0,-2.376467771,,,,-2.376467771,-1.884213462,0.063332954,-0.555587263,814,814,0,0,0,0,0,0,0
686823,"Brennan, Will",2024,114.0,-2.475201821,-2.475201821,-1.96803,-0.507171821,0.0,,,,2082,0,0,0,0,0,267,126,1689
571466,"Barnhart, Tucker",2024,109.0,-2.520331852,,,,-2.520331852,-1.874068294,-0.295931145,-0.350332413,744,744,0,0,0,0,0,0,0
667452,"Julks, Corey",2024,145.0,-2.57648637,-2.57648637,-1.15047,-1.42601637,0.0,,,,1149,0,0,0,0,0,595,36,518
666139,"Lowe, Josh",2024,139.0,-2.595766484,-2.595766484,-2.05938,-0.536386484,0.0,,,,2230,0,0,0,0,0,332,21,1877
678554,"Mead, Curtis",2024,139.0,-2.640802545,-2.640802545,-2.626744351,-0.014058194,0.0,,,,805,0,12,477,316,0,0,0,0
545341,"Grichuk, Randal",2024,109.0,-2.69589532,-2.69589532,-1.54242,-1.15347532,0.0,,,,1143,0,0,0,0,0,270,0,873
666181,"Benson, Will",2024,113.0,-2.752241861,-2.752241861,-1.81998,-0.932261861,0.0,,,,2652,0,0,0,0,0,947,793,912
643376,"Jansen, Danny",2024,111.0,-2.762563981,,,,-2.762563981,-3.485464647,-2.820590315,3.543490981,1963,1963,0,0,0,0,0,0,0
543309,"Higashioka, Kyle",2024,135.0,-2.793705737,,,,-2.793705737,0.657896345,-1.545425543,-1.90617654,1997,1997,0,0,0,0,0,0,0
573262,"Yastrzemski, Mike",2024,137.0,-2.79722325,-2.79722325,-1.9359,-0.86132325,0.0,,,,3126,0,0,0,0,0,0,196,2930
649966,"Urías, Luis",2024,136.0,-2.802865202,-2.802865202,-2.802865202,,0.0,,,,748,0,0,0,748,0,0,0,0
656555,"Hoskins, Rhys",2024,158.0,-2.829633968,-2.829633968,-2.829633968,,0.0,,,,2332,0,2332,0,0,0,0,0,0
663586,"Riley, Austin",2024,144.0,-2.883211523,-2.883211523,-2.883211523,,0.0,,,,2881,0,0,0,2881,0,0,0,0
592450,"Judge, Aaron",2024,147.0,-2.920188864,-2.920188864,-4.81284,1.892651136,0.0,,,,3029,0,0,0,0,0,120,2708,201
687529,"McCray, Grant",2024,137.0,-2.923756546,-2.923756546,-2.6514,-0.272356546,0.0,,,,922,0,0,0,0,0,0,922,0
622569,"Reyes, Pablo",2024,111.0,-2.956210227,-2.956210227,-2.956210227,,0.0,,,,423,0,30,117,235,41,0,0,0
666397,"Julien, Edouard",2024,142.0,-3.001949829,-3.001949829,-3.240614212,0.238664383,0.0,,,,1873,0,6,1867,0,0,0,0,0
663662,"Cameron, Daz",2024,133.0,-3.046247717,-3.046247717,-2.98701,-0.059237717,0.0,,,,1153,0,0,0,0,0,545,250,358
608596,"Murphy, Tom",2024,137.0,-3.060648324,,,,-3.060648324,-0.657871379,-1.262616794,-1.140160151,254,254,0,0,0,0,0,0,0
663886,"Stephenson, Tyler",2024,113.0,-3.065603038,,,,-3.065603038,-1.071672797,-1.594404339,-0.399525903,3003,3003,0,0,0,0,0,0,0
677588,"Tena, José",2024,120.0,-3.113856675,-3.113856675,-3.113856675,,0.0,,,,1096,0,0,199,897,0,0,0,0
687263,"Neto, Zach",2024,108.0,-3.124187972,-3.124187972,-4.037558636,0.913370664,0.0,,,,3998,0,0,0,0,3998,0,0,0
676059,"Westburg, Jordan",2024,110.0,-3.149413324,-3.149413324,-3.38313234,0.233719016,0.0,,,,2803,0,0,1145,1628,30,0,0,0
622534,"Margot, Manuel",2024,142.0,-3.204743063,-3.204743063,-4.11228,0.907536937,0.0,,,,2065,0,0,0,0,0,864,409,792
669065,"Stowers, Kyle",2024,146.0,-3.247801659,-3.247801659,-3.67101,0.423208341,0.0,,,,1264,0,0,0,0,0,847,261,156
666158,"Lux, Gavin",2024,119.0,-3.253570291,-3.253570291,-3.303946717,0.050376426,0.0,,,,3164,0,0,3160,0,4,0,0,0
656248,"Bouchard, Sean",2024,115.0,-3.30582292,-3.30582292,-2.25324,-1.05258292,0.0,,,,717,0,0,0,0,0,309,0,408
609280,"Andujar, Miguel",2024,133.0,-3.306608376,-3.306608376,-6.11271,2.806101624,0.0,,,,1847,0,0,0,0,0,1847,0,0
641933,"O'Neill, Tyler",2024,111.0,-3.383535463,-3.383535463,-3.44862,0.065084537,0.0,,,,2399,0,0,0,0,0,1494,0,905
543807,"Springer, George",2024,141.0,-3.419491442,-3.419491442,-0.10557,-3.313921442,0.0,,,,3116,0,0,0,0,0,0,27,3089
669234,"Malloy, Justyn-Henry",2024,116.0,-3.501448708,-3.501448708,-3.34008,-0.161368708,0.0,,,,367,0,0,0,0,0,365,0,2
592325,"Gamel, Ben",2024,117.0,-3.503014757,-3.503014757,-2.64339,-0.859624757,0.0,,,,690,0,0,0,0,0,201,0,489
671218,"Ramos, Heliot",2024,137.0,-3.50467702,-3.50467702,-4.86018,1.35550298,0.0,,,,2921,0,0,0,0,0,1280,1514,127
677942,"Alexander, Blaze",2024,109.0,-3.607962603,-3.607962603,-3.672394704,0.064432101,0.0,,,,936,0,0,363,159,414,0,0,0
668832,"McCann, Kyle",2024,133.0,-3.618337502,,,,-3.618337502,-2.784227673,-0.682530805,-0.151579024,972,972,0,0,0,0,0,0,0
694384,"Schanuel, Nolan",2024,108.0,-3.674087366,-3.674087366,-3.674087366,,0.0,,,,3634,0,3634,0,0,0,0,0,0
672820,"Sosa, Lenyn",2024,145.0,-3.680387142,-3.680387142,-4.06516768,0.384780538,0.0,,,,2422,0,6,1123,1293,0,0,0,0
694376,"Whitcomb, Shay",2024,117.0,-3.693677712,-3.693677712,-3.693677712,,0.0,,,,312,0,0,48,264,0,0,0,0
663611,"Madrigal, Nick",2024,112.0,-3.711095127,-3.711095127,-3.711095127,,0.0,,,,687,0,0,273,414,0,0,0,0
669720,"Hays, Austin",2024,143.0,-3.849049357,-3.849049357,-2.32335,-1.525699357,0.0,,,,1625,0,0,0,0,0,1612,0,13
571912,"Maile, Luke",2024,113.0,-3.856231765,,,,-3.856231765,-3.849572473,-0.518681082,0.512021791,1134,1134,0,0,0,0,0,0,0
665804,"Amaya, Miguel",2024,112.0,-3.929125853,,,,-3.929125853,-4.77843304,-2.184457805,3.033764993,2717,2717,0,0,0,0,0,0,0
605204,"Davis, J.D.",2024,147.0,-3.939457983,-3.939457983,-3.939457983,,0.0,,,,822,0,531,0,291,0,0,0,0
660707,"Montero, Elehuris",2024,115.0,-3.987725484,-3.987725484,-3.987725484,,0.0,,,,1278,0,1278,0,0,0,0,0,0
553882,"Narváez, Omar",2024,121.0,-4.037622683,,,,-4.037622683,-2.513702604,-1.793860889,0.269940811,558,558,0,0,0,0,0,0,0
543257,"Grossman, Robbie",2024,118.0,-4.050994897,-4.050994897,-3.29391,-0.757084897,0.0,,,,694,0,0,0,0,0,306,0,388
642136,"Thaiss, Matt",2024,108.0,-4.055013216,,,,-4.055013216,-3.389138552,-1.58566231,0.919787646,1100,1100,0,0,0,0,0,0,0
642133,"Tellez, Rowdy",2024,134.0,-4.131308885,-4.131308885,-4.131308885,,0.0,,,,2716,0,2716,0,0,0,0,0,0
543228,"Gomes, Yan",2024,112.0,-4.195525145,,,,-4.195525145,-3.585365352,-0.236415607,-0.373744186,732,732,0,0,0,0,0,0,0
682641,"Matos, Luis",2024,137.0,-4.199578751,-4.199578751,-3.48453,-0.715048751,0.0,,,,967,0,0,0,0,0,120,469,378
673962,"Jung, Josh",2024,140.0,-4.287579925,-4.287579925,-4.287579925,,0.0,,,,1057,0,0,0,1057,0,0,0,0
681393,"Norby, Connor",2024,146.0,-4.288248687,-4.288248687,-4.288248687,,0.0,,,,1077,0,0,276,801,0,0,0,0
666134,"Jones, Nolan",2024,115.0,-4.308880946,-4.308880946,-5.39352,1.084639054,0.0,,,,1751,0,0,0,0,0,1751,0,0
624424,"Conforto, Michael",2024,137.0,-4.315729935,-4.315729935,-3.48813,-0.827599935,0.0,,,,2505,0,0,0,0,0,2505,0,0
669357,"Gorman, Nolan",2024,138.0,-4.429252499,-4.429252499,-4.441777649,0.01252515,0.0,,,,2623,0,0,2614,9,0,0,0,0
669394,"Burger, Jake",2024,146.0,-4.527903744,-4.527903744,-4.527903744,,0.0,,,,2848,0,1387,0,1461,0,0,0,0
663698,"Bart, Joey",2024,134.0,-4.589186535,,,,-4.589186535,-2.488743973,-0.855523364,-1.244919198,1635,1635,0,0,0,0,0,0,0
646240,"Devers, Rafael",2024,111.0,-4.606680181,-4.606680181,-4.606680181,,0.0,,,,3415,0,0,0,3415,0,0,0,0
682617,"Luciano, Marco",2024,137.0,-4.777033276,-4.777033276,-4.777033276,,0.0,,,,381,0,0,201,0,180,0,0,0
657041,"Thomas, Lane",2024,114.0,-4.808688818,-4.808688818,-6.35004,1.541351182,0.0,,,,3197,0,0,0,0,0,0,972,2225
668901,"Vientos, Mark",2024,121.0,-4.813233351,-4.813233351,-4.824898985,0.011665634,0.0,,,,2716,0,75,0,2641,0,0,0,0
608701,"Refsnyder, Rob",2024,111.0,-4.934324429,-4.934324429,-3.03048,-1.903844429,0.0,,,,1486,0,0,0,0,0,893,0,593
691023,"Walker, Jordan",2024,138.0,-4.993185338,-4.993185338,-3.4965,-1.496685338,0.0,,,,1102,0,0,0,0,0,0,0,1102
670770,"Friedl, TJ",2024,113.0,-5.029366537,-5.029366537,-3.9924,-1.036966537,0.0,,,,2034,0,0,0,0,0,0,2034,0
641680,"Heim, Jonah",2024,140.0,-5.052556885,,,,-5.052556885,-1.006598181,-4.486152806,0.440194102,2932,2932,0,0,0,0,0,0,0
502054,"Pham, Tommy",2024,118.0,-5.075403388,-5.075403388,-2.21895,-2.856453388,0.0,,,,2664,0,0,0,0,0,832,669,1163
650402,"Torres, Gleyber",2024,147.0,-5.138592087,-5.138592087,-5.138592087,,0.0,,,,4027,0,0,4027,0,0,0,0,0
455117,"Maldonado, Martín",2024,145.0,-5.153652489,,,,-5.153652489,-2.630448527,-2.122017408,-0.401186554,1166,1166,0,0,0,0,0,0,0
607732,"Stallings, Jacob",2024,115.0,-5.205858307,,,,-5.205858307,-7.221832847,-0.513566321,2.529540861,1811,1811,0,0,0,0,0,0,0
669304,"Miranda, Jose",2024,142.0,-5.279950884,-5.279950884,-5.279950884,,0.0,,,,2171,0,301,0,1864,6,0,0,0
650559,"De La Cruz, Bryan",2024,134.0,-5.296894718,-5.296894718,-7.19658,1.899685282,0.0,,,,2504,0,0,0,0,0,1329,0,1175
670541,"Alvarez, Yordan",2024,117.0,-5.317800398,-5.317800398,-6.23997,0.922169602,0.0,,,,1263,0,0,0,0,0,1263,0,0
572138,"Singleton, Jon",2024,117.0,-5.339171371,-5.339171371,-5.339171371,,0.0,,,,2306,0,2306,0,0,0,0,0,0
669257,"Smith, Will",2024,119.0,-5.344916579,,,,-5.344916579,-8.539716242,6.405698788,-3.210899124,3154,3154,0,0,0,0,0,0,0
660688,"Ruiz, Keibert",2024,120.0,-5.448900874,,,,-5.448900874,-1.26701353,-3.77719535,-0.404691994,2915,2915,0,0,0,0,0,0,0
444482,"Peralta, David",2024,135.0,-5.479259726,-5.479259726,-3.96828,-1.510979726,0.0,,,,1344,0,0,0,0,0,165,0,1179
592200,"Casali, Curt",2024,137.0,-5.682118647,,,,-5.682118647,-2.40129978,-2.283954538,-0.996864329,963,963,0,0,0,0,0,0,0
571745,"Haniger, Mitch",2024,136.0,-5.720990031,-5.720990031,-4.72149,-0.999500031,0.0,,,,2107,0,0,0,0,0,0,0,2107
695578,"Wood, James",2024,120.0,-5.834008096,-5.834008096,-5.81418,-0.019828096,0.0,,,,2093,0,0,0,0,0,2093,0,0
624413,"Alonso, Pete",2024,121.0,-6.011116496,-6.011116496,-6.011116496,,0.0,,,,4237,0,4237,0,0,0,0,0,0
514888,"Altuve, Jose",2024,117.0,-6.203037636,-6.203037636,-6.203037636,,0.0,,,,3786,0,0,3786,0,0,0,0,0
656180,"Adams, Riley",2024,120.0,-6.221746829,,,,-6.221746829,-4.239063514,-1.018887887,-0.963795427,943,943,0,0,0,0,0,0,0
696100,"Goodman, Hunter",2024,115.0,-2.01915317,0.0,0.0,0.0,-2.01915317,-0.059411098,-0.772576249,-1.187165823,509,509,0,0,0,0,0,0,0
608385,"Winker, Jesse",2024,121.0,-6.396574125,-6.396574125,-9.94302,3.546445875,0.0,,,,2012,0,0,0,0,0,1700,0,312
665489,"Guerrero Jr., Vladimir",2024,141.0,-6.399236984,-6.399236984,-6.399236984,,0.0,,,,3379,0,3079,0,300,0,0,0,0
683734,"Vaughn, Andrew",2024,145.0,-6.49867904,-6.49867904,-6.49867904,,0.0,,,,3178,0,3178,0,0,0,0,0,0
686676,"Lee, Korey",2024,145.0,-6.558388606,,,,-6.558388606,-7.481921171,3.050374353,-2.126841788,2515,2515,0,0,0,0,0,0,0
666185,"Carlson, Dylan",2024,139.0,-6.735374988,-6.735374988,-6.09561,-0.639764988,0.0,,,,1675,0,0,0,0,0,720,377,578
624585,"Soler, Jorge",2024,144.0,-6.808841497,-6.808841497,-6.05817,-0.750671497,0.0,,,,978,0,0,0,0,0,66,0,912
673237,"Diaz, Yainer",2024,117.0,-4.767795496,0.0,0.0,0.0,-4.767795496,-7.563002938,1.679595403,1.115612039,2646,2646,0,0,0,0,0,0,0
605137,"Bell, Josh",2024,109.0,-6.915564998,-6.915564998,-6.915564998,,0.0,,,,2439,0,2439,0,0,0,0,0,0
600869,"Candelario, Jeimer",2024,113.0,-6.998743746,-6.998743746,-6.998743746,,0.0,,,,2069,0,704,0,1365,0,0,0,0
516782,"Marte, Starling",2024,121.0,-7.065529035,-7.065529035,-7.44552,0.379990965,0.0,,,,2041,0,0,0,0,0,0,0,2041
602104,"Urías, Ramón",2024,110.0,-7.095626645,-7.095626645,-7.095626645,,0.0,,,,2108,0,30,48,2030,0,0,0,0
669261,"Suwinski, Jack",2024,134.0,-7.201063408,-7.201063408,-6.00534,-1.195723408,0.0,,,,1853,0,0,0,0,0,693,1024,136
680777,"Jeffers, Ryan",2024,142.0,-7.351493708,,,,-7.351493708,-7.556060868,1.259428117,-1.054860957,2161,2161,0,0,0,0,0,0,0
543510,"McCann, James",2024,110.0,-7.50779257,,,,-7.50779257,-5.499418378,-0.593913094,-1.414461098,1679,1679,0,0,0,0,0,0,0
658668,"Olivares, Edward",2024,134.0,-7.644031368,-7.644031368,-5.7087,-1.935331368,0.0,,,,992,0,0,0,0,0,12,0,980
593871,"Polanco, Jorge",2024,136.0,-7.688186712,-7.688186712,-7.688186712,,0.0,,,,2776,0,0,2776,0,0,0,0,0
669364,"Edwards, Xavier",2024,146.0,-7.78871124,-7.78871124,-7.702307654,-0.086403586,0.0,,,,1797,0,0,27,0,1770,0,0,0
592696,"Rosario, Eddie",2024,144.0,-7.825606697,-7.825606697,-5.19147,-2.634136697,0.0,,,,1778,0,0,0,0,0,991,224,563
668227,"Arozarena, Randy",2024,136.0,-8.013982714,-8.013982714,-5.54751,-2.466472714,0.0,,,,3742,0,0,0,0,0,3567,175,0
682622,"Marte, Noelvi",2024,113.0,-8.041450661,-8.041450661,-8.041450661,,0.0,,,,1408,0,0,3,1405,0,0,0,0
669127,"Langeliers, Shea",2024,133.0,-8.522288682,,,,-8.522288682,-5.505312648,3.430739172,-6.447715206,3326,3326,0,0,0,0,0,0,0
664034,"France, Ty",2024,113.0,-9.042041167,-9.042041167,-9.042041167,,0.0,,,,3318,0,3315,3,0,0,0,0,0
650333,"Arraez, Luis",2024,135.0,-9.320587781,-9.320587781,-9.34776464,0.027176859,0.0,,,,2616,0,1599,1017,0,0,0,0,0
666969,"García, Adolis",2024,140.0,-10.84893548,-10.84893548,-11.00511,0.156174515,0.0,,,,3374,0,0,0,0,0,0,0,3374
606192,"Hernández, Teoscar",2024,119.0,-10.96947352,-10.96947352,-9.46935,-1.500123519,0.0,,,,3924,0,0,0,0,0,2615,0,1309
643217,"Benintendi, Andrew",2024,145.0,-11.02435905,-11.02435905,-6.31089,-4.713469047,0.0,,,,3093,0,0,0,0,0,3090,3,0
668804,"Reynolds, Bryan",2024,134.0,-12.20331384,-12.20331384,-11.30526,-0.898053839,0.0,,,,3521,0,0,0,0,0,3050,0,471
682928,"Abrams, CJ",2024,120.0,-13.12187563,-13.12187563,-13.1202344,-0.001641235,0.0,,,,3512,0,0,0,0,3512,0,0,0
669134,"Campusano, Luis",2024,135.0,-13.43261522,0.0,0.0,0.0,-13.43261522,-8.187366946,-2.560090666,-2.685157604,2012,2012,0,0,0,0,0,0,0
657136,"Wong, Connor",2024,111.0,-10.23871948,0.0,0.0,0.0,-10.23871948,-7.248102349,0.226970497,-3.217587633,2635,2635,0,0,0,0,0,0,0
592206,"Castellanos, Nick",2024,143.0,-13.62486648,-13.62486648,-7.50816,-6.116706481,0.0,,,,4091,0,0,0,0,0,0,0,4091
605170,"Caratini, Victor",2024,117.0,0.184950874,0.184950874,0.184950874,,0.0,0.0,0.0,0.0,228,0,228,0,0,0,0,0,0
543877,"Vázquez, Christian",2024,142.0,-0.595117542,-0.595117542,-0.595117542,,0.0,0.0,0.0,0.0,37,0,3,0,34,0,0,0,0
521692,"Perez, Salvador",2024,118.0,3.252027286,3.252027286,3.252027286,,0.0,0.0,0.0,0.0,1177,0,1177,0,0,0,0,0,0
640902,"Pereda, Jhonny",2024,146.0,0.028762253,0.028762253,0.028762253,,0.0,0.0,0.0,0.0,5,0,5,0,0,0,0,0,0
645444,"Herrera, Jose",2024,109.0,0.066312302,0.066312302,0.066312302,,0.0,0.0,0.0,0.0,3,0,0,0,3,0,0,0,0
518735,"Grandal, Yasmani",2024,134.0,0.267321226,0.267321226,0.266857929,0.000463298,0.0,0.0,0.0,0.0,9,0,9,0,0,0,0,0,0
700250,"Rice, Ben",2024,147.0,-0.747220378,-0.747220378,-0.747220378,,0.0,0.0,0.0,0.0,1047,0,1047,0,0,0,0,0,0
596142,"Sánchez, Gary",2024,158.0,0.576649435,0.576649435,0.576649435,,0.0,0.0,0.0,0.0,38,0,38,0,0,0,0,0,0
691016,"Soderstrom, Tyler",2024,133.0,-2.221930383,-2.221930383,-2.470204833,0.24827445,0.0,0.0,0.0,0.0,1353,0,1353,0,0,0,0,0,0
673237,"Diaz, Yainer",2024,117.0,-2.111675396,-2.111675396,-2.111675396,,0.0,0.0,0.0,0.0,300,0,300,0,0,0,0,0,0
669134,"Campusano, Luis",2024,135.0,-6.74467e-05,-6.74467e-05,-6.74467e-05,,0.0,0.0,0.0,0.0,9,0,9,0,0,0,0,0,0
